Data,Ora,MWh
01/01/2024,13,"-9,907"
01/01/2024,14,"-7,224"
01/01/2024,15,"23,133"
01/01/2024,16,"22,575"
01/01/2024,17,"23,114"
01/01/2024,18,"1,915"
01/01/2024,19,"-16,571"
01/01/2024,20,"-15,023"
01/01/2024,21,"-2,129"
01/01/2024,22,"0,893"
01/01/2024,23,"-4,007"
01/01/2024,24,"-0,314"
02/01/2024,13,"-1,693"
02/01/2024,14,"-7,057"
02/01/2024,15,"-9,656"
02/01/2024,16,"-21,566"
02/01/2024,17,"-7,813"
02/01/2024,18,"-20,855"
02/01/2024,19,"3,131"
02/01/2024,20,"-0,188"
02/01/2024,21,"-9,253"
02/01/2024,22,"4,067"
02/01/2024,23,"7,330"
02/01/2024,24,"-5,897"
03/01/2024,13,"3,003"
03/01/2024,14,"4,182"
03/01/2024,15,"-5,207"
03/01/2024,16,"12,529"
03/01/2024,17,"56,517"
03/01/2024,18,"113,725"
03/01/2024,19,"109,156"
03/01/2024,20,"105,211"
03/01/2024,21,"56,621"
03/01/2024,22,"17,495"
03/01/2024,23,"14,510"
03/01/2024,24,"9,855"
04/01/2024,13,"8,585"
04/01/2024,14,"18,594"
04/01/2024,15,"0,978"
04/01/2024,16,"1,396"
04/01/2024,17,"-3,981"
04/01/2024,18,"43,566"
04/01/2024,19,"12,622"
04/01/2024,20,"8,015"
04/01/2024,21,"4,082"
04/01/2024,22,"11,219"
04/01/2024,23,"9,083"
04/01/2024,24,"14,744"
05/01/2024,13,"1,998"
05/01/2024,14,"27,413"
05/01/2024,15,"8,260"
05/01/2024,16,"41,520"
05/01/2024,17,"43,742"
05/01/2024,18,"66,566"
05/01/2024,19,"74,224"
05/01/2024,20,"87,593"
05/01/2024,21,"111,730"
05/01/2024,22,"107,142"
05/01/2024,23,"114,319"
05/01/2024,24,"113,507"
06/01/2024,13,"63,773"
06/01/2024,14,"56,852"
06/01/2024,15,"46,384"
06/01/2024,16,"41,956"
06/01/2024,17,"39,645"
06/01/2024,18,"40,498"
06/01/2024,19,"26,441"
06/01/2024,20,"2,680"
06/01/2024,21,"1,294"
06/01/2024,22,"-6,635"
06/01/2024,23,"5,010"
06/01/2024,24,"4,934"
07/01/2024,13,"14,224"
07/01/2024,14,"24,698"
07/01/2024,15,"37,917"
07/01/2024,16,"34,554"
07/01/2024,17,"12,721"
07/01/2024,18,"12,558"
07/01/2024,19,"-5,180"
07/01/2024,20,"0,182"
07/01/2024,21,"3,805"
07/01/2024,22,"7,854"
07/01/2024,23,"11,211"
07/01/2024,24,"3,618"
08/01/2024,13,"-11,566"
08/01/2024,14,"-7,310"
08/01/2024,15,"3,335"
08/01/2024,16,"-10,363"
08/01/2024,17,"-29,503"
08/01/2024,18,"-30,439"
08/01/2024,19,"-35,369"
08/01/2024,20,"-52,977"
08/01/2024,21,"-39,811"
08/01/2024,22,"-47,779"
08/01/2024,23,"-64,414"
08/01/2024,24,"-34,755"
09/01/2024,13,"-18,359"
09/01/2024,14,"-19,090"
09/01/2024,15,"-9,241"
09/01/2024,16,"6,819"
09/01/2024,17,"-13,178"
09/01/2024,18,"10,588"
09/01/2024,19,"-3,341"
09/01/2024,20,"-7,693"
09/01/2024,21,"-1,871"
09/01/2024,22,"0,322"
09/01/2024,23,"5,040"
09/01/2024,24,"3,676"
10/01/2024,13,"-15,075"
10/01/2024,14,"8,709"
10/01/2024,15,"-17,193"
10/01/2024,16,"-18,696"
10/01/2024,17,"-25,183"
10/01/2024,18,"-21,958"
10/01/2024,19,"-23,647"
10/01/2024,20,"-31,961"
10/01/2024,21,"-3,579"
10/01/2024,22,"5,207"
10/01/2024,23,"25,880"
10/01/2024,24,"54,289"
11/01/2024,13,"125,464"
11/01/2024,14,"151,571"
11/01/2024,15,"165,861"
11/01/2024,16,"159,033"
11/01/2024,17,"161,584"
11/01/2024,18,"168,601"
11/01/2024,19,"148,705"
11/01/2024,20,"120,518"
11/01/2024,21,"119,465"
11/01/2024,22,"126,908"
11/01/2024,23,"146,666"
11/01/2024,24,"139,829"
12/01/2024,13,"-1,991"
12/01/2024,14,"-1,896"
12/01/2024,15,"3,913"
12/01/2024,16,"6,899"
12/01/2024,17,"-0,238"
12/01/2024,18,"-7,635"
12/01/2024,19,"-38,524"
12/01/2024,20,"0,087"
12/01/2024,21,"3,163"
12/01/2024,22,"4,777"
12/01/2024,23,"3,112"
12/01/2024,24,"-19,733"
13/01/2024,13,"7,004"
13/01/2024,14,"16,779"
13/01/2024,15,"23,606"
13/01/2024,16,"21,911"
13/01/2024,17,"25,351"
13/01/2024,18,"39,246"
13/01/2024,19,"5,487"
13/01/2024,20,"-2,318"
13/01/2024,21,"51,737"
13/01/2024,22,"10,714"
13/01/2024,23,"16,341"
13/01/2024,24,"11,835"
14/01/2024,13,"-4,264"
14/01/2024,14,"-11,104"
14/01/2024,15,"-13,559"
14/01/2024,16,"-3,006"
14/01/2024,17,"-1,154"
14/01/2024,18,"-4,080"
14/01/2024,19,"-4,327"
14/01/2024,20,"-4,472"
14/01/2024,21,"38,985"
14/01/2024,22,"0,060"
14/01/2024,23,"-10,780"
14/01/2024,24,"-28,767"
15/01/2024,13,"-1,200"
15/01/2024,14,"-7,639"
15/01/2024,15,"-3,902"
15/01/2024,16,"-14,950"
15/01/2024,17,"-16,698"
15/01/2024,18,"-2,520"
15/01/2024,19,"-9,282"
15/01/2024,20,"10,187"
15/01/2024,21,"-4,590"
15/01/2024,22,"-7,153"
15/01/2024,23,"10,934"
15/01/2024,24,"-9,249"
16/01/2024,13,"50,189"
16/01/2024,14,"54,026"
16/01/2024,15,"64,502"
16/01/2024,16,"70,581"
16/01/2024,17,"66,076"
16/01/2024,18,"69,155"
16/01/2024,19,"51,798"
16/01/2024,20,"32,336"
16/01/2024,21,"8,809"
16/01/2024,22,"-9,338"
16/01/2024,23,"-16,126"
16/01/2024,24,"-11,737"
17/01/2024,13,"-32,441"
17/01/2024,14,"-27,958"
17/01/2024,15,"5,703"
17/01/2024,16,"31,053"
17/01/2024,17,"5,196"
17/01/2024,18,"-23,776"
17/01/2024,19,"-15,575"
17/01/2024,20,"-31,247"
17/01/2024,21,"-17,599"
17/01/2024,22,"-15,855"
17/01/2024,23,"-17,792"
17/01/2024,24,"-11,114"
18/01/2024,13,"0,000"
18/01/2024,14,"0,000"
18/01/2024,15,"0,000"
18/01/2024,16,"27,401"
18/01/2024,17,"28,356"
18/01/2024,18,"11,932"
18/01/2024,19,"13,351"
18/01/2024,20,"15,609"
18/01/2024,21,"37,719"
18/01/2024,22,"21,563"
18/01/2024,23,"21,289"
18/01/2024,24,"38,746"
19/01/2024,13,"11,689"
19/01/2024,14,"9,801"
19/01/2024,15,"22,006"
19/01/2024,16,"22,879"
19/01/2024,17,"25,932"
19/01/2024,18,"17,842"
19/01/2024,19,"19,325"
19/01/2024,20,"-9,259"
19/01/2024,21,"9,045"
19/01/2024,22,"27,073"
19/01/2024,23,"20,839"
19/01/2024,24,"9,316"
20/01/2024,13,"-1,378"
20/01/2024,14,"-2,563"
20/01/2024,15,"-3,216"
20/01/2024,16,"-1,934"
20/01/2024,17,"5,486"
20/01/2024,18,"35,405"
20/01/2024,19,"-4,610"
20/01/2024,20,"2,169"
20/01/2024,21,"9,368"
20/01/2024,22,"1,561"
20/01/2024,23,"2,653"
20/01/2024,24,"-11,101"
21/01/2024,13,"56,250"
21/01/2024,14,"-7,481"
21/01/2024,15,"5,010"
21/01/2024,16,"23,761"
21/01/2024,17,"11,234"
21/01/2024,18,"16,330"
21/01/2024,19,"7,800"
21/01/2024,20,"-14,455"
21/01/2024,21,"2,533"
21/01/2024,22,"20,806"
21/01/2024,23,"11,912"
21/01/2024,24,"8,097"
22/01/2024,13,"3,958"
22/01/2024,14,"-1,185"
22/01/2024,15,"21,318"
22/01/2024,16,"9,154"
22/01/2024,17,"-14,211"
22/01/2024,18,"-18,402"
22/01/2024,19,"-89,453"
22/01/2024,20,"-15,330"
22/01/2024,21,"-4,132"
22/01/2024,22,"2,337"
22/01/2024,23,"-1,592"
22/01/2024,24,"-4,497"
23/01/2024,13,"0,000"
23/01/2024,14,"0,000"
23/01/2024,15,"0,000"
23/01/2024,16,"0,000"
23/01/2024,17,"28,281"
23/01/2024,18,"6,744"
23/01/2024,19,"23,331"
23/01/2024,20,"-9,884"
23/01/2024,21,"-7,313"
23/01/2024,22,"-5,146"
23/01/2024,23,"-7,847"
23/01/2024,24,"-2,837"
24/01/2024,13,"26,540"
24/01/2024,14,"12,989"
24/01/2024,15,"-0,325"
24/01/2024,16,"4,259"
24/01/2024,17,"-1,474"
24/01/2024,18,"-27,939"
24/01/2024,19,"-34,226"
24/01/2024,20,"-20,732"
24/01/2024,21,"-41,827"
24/01/2024,22,"-40,399"
24/01/2024,23,"-9,036"
24/01/2024,24,"-17,484"
25/01/2024,13,"0,000"
25/01/2024,14,"0,000"
25/01/2024,15,"0,000"
25/01/2024,16,"0,000"
25/01/2024,17,"34,738"
25/01/2024,18,"33,694"
25/01/2024,19,"43,856"
25/01/2024,20,"49,433"
25/01/2024,21,"41,487"
25/01/2024,22,"36,178"
25/01/2024,23,"32,012"
25/01/2024,24,"23,681"
26/01/2024,13,"15,190"
26/01/2024,14,"28,837"
26/01/2024,15,"39,872"
26/01/2024,16,"17,334"
26/01/2024,17,"15,368"
26/01/2024,18,"37,477"
26/01/2024,19,"1,194"
26/01/2024,20,"15,485"
26/01/2024,21,"31,291"
26/01/2024,22,"37,132"
26/01/2024,23,"45,649"
26/01/2024,24,"45,532"
27/01/2024,13,"2,579"
27/01/2024,14,"4,991"
27/01/2024,15,"15,058"
27/01/2024,16,"-0,828"
27/01/2024,17,"-1,686"
27/01/2024,18,"-15,961"
27/01/2024,19,"-5,608"
27/01/2024,20,"0,772"
27/01/2024,21,"-3,226"
27/01/2024,22,"-6,063"
27/01/2024,23,"-4,348"
27/01/2024,24,"-0,848"
28/01/2024,13,"6,697"
28/01/2024,14,"7,436"
28/01/2024,15,"-2,743"
28/01/2024,16,"-6,424"
28/01/2024,17,"0,051"
28/01/2024,18,"8,109"
28/01/2024,19,"-7,495"
28/01/2024,20,"7,360"
28/01/2024,21,"3,057"
28/01/2024,22,"7,271"
28/01/2024,23,"20,941"
28/01/2024,24,"7,785"
29/01/2024,13,"13,536"
29/01/2024,14,"11,241"
29/01/2024,15,"-0,463"
29/01/2024,16,"1,928"
29/01/2024,17,"16,731"
29/01/2024,18,"10,595"
29/01/2024,19,"8,020"
29/01/2024,20,"2,305"
29/01/2024,21,"1,327"
29/01/2024,22,"7,632"
29/01/2024,23,"5,246"
29/01/2024,24,"6,042"
30/01/2024,13,"-0,391"
30/01/2024,14,"-2,440"
30/01/2024,15,"-8,294"
30/01/2024,16,"-1,975"
30/01/2024,17,"-3,234"
30/01/2024,18,"22,394"
30/01/2024,19,"1,140"
30/01/2024,20,"3,163"
30/01/2024,21,"4,518"
30/01/2024,22,"2,377"
30/01/2024,23,"10,961"
30/01/2024,24,"25,555"
31/01/2024,13,"-13,543"
31/01/2024,14,"-4,984"
31/01/2024,15,"-24,226"
31/01/2024,16,"-17,778"
31/01/2024,17,"-23,005"
31/01/2024,18,"-27,573"
31/01/2024,19,"-32,628"
31/01/2024,20,"-13,143"
31/01/2024,21,"-20,667"
31/01/2024,22,"-23,524"
31/01/2024,23,"5,603"
31/01/2024,24,"3,059"
01/02/2024,13,"16,394"
01/02/2024,14,"33,221"
01/02/2024,15,"44,271"
01/02/2024,16,"39,595"
01/02/2024,17,"12,284"
01/02/2024,18,"12,447"
01/02/2024,19,"17,208"
01/02/2024,20,"29,259"
01/02/2024,21,"-9,514"
01/02/2024,22,"23,767"
01/02/2024,23,"31,834"
01/02/2024,24,"21,127"
02/02/2024,13,"-8,387"
02/02/2024,14,"-10,749"
02/02/2024,15,"-8,562"
02/02/2024,16,"-7,746"
02/02/2024,17,"-12,606"
02/02/2024,18,"-15,505"
02/02/2024,19,"-26,297"
02/02/2024,20,"-10,619"
02/02/2024,21,"1,194"
02/02/2024,22,"-2,693"
02/02/2024,23,"3,111"
02/02/2024,24,"12,355"
03/02/2024,13,"22,975"
03/02/2024,14,"20,737"
03/02/2024,15,"22,843"
03/02/2024,16,"4,615"
03/02/2024,17,"-4,095"
03/02/2024,18,"0,854"
03/02/2024,19,"-1,833"
03/02/2024,20,"-2,776"
03/02/2024,21,"-1,925"
03/02/2024,22,"3,071"
03/02/2024,23,"-4,022"
03/02/2024,24,"-5,840"
04/02/2024,13,"-4,180"
04/02/2024,14,"-1,840"
04/02/2024,15,"0,000"
04/02/2024,16,"-19,433"
04/02/2024,17,"-1,334"
04/02/2024,18,"-34,712"
04/02/2024,19,"-28,248"
04/02/2024,20,"-1,912"
04/02/2024,21,"5,287"
04/02/2024,22,"2,259"
04/02/2024,23,"14,053"
04/02/2024,24,"3,702"
05/02/2024,13,"16,750"
05/02/2024,14,"19,536"
05/02/2024,15,"0,000"
05/02/2024,16,"-2,024"
05/02/2024,17,"-12,584"
05/02/2024,18,"-9,875"
05/02/2024,19,"-14,166"
05/02/2024,20,"-14,691"
05/02/2024,21,"-29,096"
05/02/2024,22,"-24,466"
05/02/2024,23,"-25,956"
05/02/2024,24,"-22,012"
06/02/2024,13,"-15,849"
06/02/2024,14,"-7,584"
06/02/2024,15,"-2,242"
06/02/2024,16,"32,945"
06/02/2024,17,"8,144"
06/02/2024,18,"4,887"
06/02/2024,19,"-0,856"
06/02/2024,20,"-7,358"
06/02/2024,21,"-12,032"
06/02/2024,22,"1,074"
06/02/2024,23,"-1,747"
06/02/2024,24,"-14,825"
07/02/2024,13,"-2,951"
07/02/2024,14,"5,867"
07/02/2024,15,"12,128"
07/02/2024,16,"14,039"
07/02/2024,17,"3,006"
07/02/2024,18,"2,075"
07/02/2024,19,"6,958"
07/02/2024,20,"9,187"
07/02/2024,21,"21,534"
07/02/2024,22,"27,155"
07/02/2024,23,"28,749"
07/02/2024,24,"7,719"
08/02/2024,13,"28,065"
08/02/2024,14,"34,751"
08/02/2024,15,"30,711"
08/02/2024,16,"6,361"
08/02/2024,17,"3,636"
08/02/2024,18,"-9,467"
08/02/2024,19,"8,332"
08/02/2024,20,"-1,575"
08/02/2024,21,"0,341"
08/02/2024,22,"11,884"
08/02/2024,23,"9,829"
08/02/2024,24,"4,217"
09/02/2024,13,"14,479"
09/02/2024,14,"28,820"
09/02/2024,15,"32,308"
09/02/2024,16,"37,504"
09/02/2024,17,"25,612"
09/02/2024,18,"9,230"
09/02/2024,19,"6,135"
09/02/2024,20,"3,526"
09/02/2024,21,"20,138"
09/02/2024,22,"35,813"
09/02/2024,23,"43,048"
09/02/2024,24,"41,302"
10/02/2024,13,"29,099"
10/02/2024,14,"56,497"
10/02/2024,15,"46,328"
10/02/2024,16,"-26,149"
10/02/2024,17,"0,827"
10/02/2024,18,"-35,970"
10/02/2024,19,"-36,089"
10/02/2024,20,"-7,517"
10/02/2024,21,"-38,335"
10/02/2024,22,"-47,374"
10/02/2024,23,"-60,872"
10/02/2024,24,"-65,792"
11/02/2024,13,"0,000"
11/02/2024,14,"0,975"
11/02/2024,15,"-70,790"
11/02/2024,16,"0,000"
11/02/2024,17,"15,574"
11/02/2024,18,"-7,128"
11/02/2024,19,"-24,660"
11/02/2024,20,"-39,222"
11/02/2024,21,"-35,237"
11/02/2024,22,"-38,494"
11/02/2024,23,"-36,640"
11/02/2024,24,"-28,112"
12/02/2024,13,"3,252"
12/02/2024,14,"-7,227"
12/02/2024,15,"-13,566"
12/02/2024,16,"-27,825"
12/02/2024,17,"-18,020"
12/02/2024,18,"22,654"
12/02/2024,19,"13,151"
12/02/2024,20,"5,248"
12/02/2024,21,"51,491"
12/02/2024,22,"9,675"
12/02/2024,23,"14,534"
12/02/2024,24,"17,597"
13/02/2024,13,"-0,389"
13/02/2024,14,"5,043"
13/02/2024,15,"-4,349"
13/02/2024,16,"-1,166"
13/02/2024,17,"-8,704"
13/02/2024,18,"1,264"
13/02/2024,19,"5,231"
13/02/2024,20,"5,679"
13/02/2024,21,"8,141"
13/02/2024,22,"11,937"
13/02/2024,23,"3,758"
13/02/2024,24,"3,679"
14/02/2024,13,"-10,357"
14/02/2024,14,"-9,604"
14/02/2024,15,"-8,793"
14/02/2024,16,"-11,157"
14/02/2024,17,"-9,905"
14/02/2024,18,"1,731"
14/02/2024,19,"0,444"
14/02/2024,20,"1,080"
14/02/2024,21,"4,106"
14/02/2024,22,"3,522"
14/02/2024,23,"3,212"
14/02/2024,24,"2,564"
15/02/2024,13,"2,929"
15/02/2024,14,"-3,525"
15/02/2024,15,"-2,332"
15/02/2024,16,"3,852"
15/02/2024,17,"0,321"
15/02/2024,18,"7,804"
15/02/2024,19,"-0,860"
15/02/2024,20,"8,596"
15/02/2024,21,"9,089"
15/02/2024,22,"10,387"
15/02/2024,23,"-4,073"
15/02/2024,24,"-3,032"
16/02/2024,13,"32,027"
16/02/2024,14,"23,759"
16/02/2024,15,"6,700"
16/02/2024,16,"32,992"
16/02/2024,17,"24,945"
16/02/2024,18,"19,651"
16/02/2024,19,"13,875"
16/02/2024,20,"9,379"
16/02/2024,21,"9,613"
16/02/2024,22,"8,098"
16/02/2024,23,"-64,260"
16/02/2024,24,"-2,973"
17/02/2024,13,"2,645"
17/02/2024,14,"2,743"
17/02/2024,15,"6,081"
17/02/2024,16,"3,346"
17/02/2024,17,"3,776"
17/02/2024,18,"3,492"
17/02/2024,19,"1,784"
17/02/2024,20,"0,479"
17/02/2024,21,"0,479"
17/02/2024,22,"-0,073"
17/02/2024,23,"0,570"
17/02/2024,24,"1,664"
18/02/2024,13,"2,944"
18/02/2024,14,"0,725"
18/02/2024,15,"4,030"
18/02/2024,16,"6,573"
18/02/2024,17,"3,809"
18/02/2024,18,"6,345"
18/02/2024,19,"12,869"
18/02/2024,20,"11,805"
18/02/2024,21,"9,160"
18/02/2024,22,"35,022"
18/02/2024,23,"14,565"
18/02/2024,24,"12,856"
19/02/2024,13,"20,409"
19/02/2024,14,"20,801"
19/02/2024,15,"27,688"
19/02/2024,16,"2,238"
19/02/2024,17,"-4,288"
19/02/2024,18,"-4,442"
19/02/2024,19,"14,023"
19/02/2024,20,"9,112"
19/02/2024,21,"-8,210"
19/02/2024,22,"-3,594"
19/02/2024,23,"-8,508"
19/02/2024,24,"-7,108"
20/02/2024,13,"-6,789"
20/02/2024,14,"1,958"
20/02/2024,15,"9,980"
20/02/2024,16,"13,005"
20/02/2024,17,"3,163"
20/02/2024,18,"2,697"
20/02/2024,19,"-1,289"
20/02/2024,20,"2,904"
20/02/2024,21,"-4,401"
20/02/2024,22,"-10,371"
20/02/2024,23,"-18,639"
20/02/2024,24,"-13,991"
21/02/2024,13,"-3,950"
21/02/2024,14,"-5,057"
21/02/2024,15,"-15,754"
21/02/2024,16,"12,092"
21/02/2024,17,"1,955"
21/02/2024,18,"58,157"
21/02/2024,19,"2,807"
21/02/2024,20,"6,126"
21/02/2024,21,"11,595"
21/02/2024,22,"8,524"
21/02/2024,23,"10,538"
21/02/2024,24,"19,488"
22/02/2024,13,"-33,351"
22/02/2024,14,"-34,682"
22/02/2024,15,"-43,002"
22/02/2024,16,"-43,037"
22/02/2024,17,"-48,407"
22/02/2024,18,"-24,492"
22/02/2024,19,"-19,412"
22/02/2024,20,"-17,740"
22/02/2024,21,"-20,259"
22/02/2024,22,"-11,245"
22/02/2024,23,"-14,604"
22/02/2024,24,"-7,405"
23/02/2024,13,"-78,034"
23/02/2024,14,"-47,326"
23/02/2024,15,"0,944"
23/02/2024,16,"25,956"
23/02/2024,17,"10,699"
23/02/2024,18,"3,025"
23/02/2024,19,"-26,366"
23/02/2024,20,"-32,982"
23/02/2024,21,"-30,205"
23/02/2024,22,"-12,919"
23/02/2024,23,"14,926"
23/02/2024,24,"18,388"
24/02/2024,13,"10,229"
24/02/2024,14,"-0,268"
24/02/2024,15,"-5,446"
24/02/2024,16,"-6,372"
24/02/2024,17,"-3,790"
24/02/2024,18,"-8,472"
24/02/2024,19,"2,225"
24/02/2024,20,"3,995"
24/02/2024,21,"5,573"
24/02/2024,22,"13,566"
24/02/2024,23,"15,935"
24/02/2024,24,"9,633"
25/02/2024,13,"18,923"
25/02/2024,14,"29,494"
25/02/2024,15,"27,178"
25/02/2024,16,"20,806"
25/02/2024,17,"7,099"
25/02/2024,18,"10,405"
25/02/2024,19,"5,660"
25/02/2024,20,"1,117"
25/02/2024,21,"-0,602"
25/02/2024,22,"0,186"
25/02/2024,23,"3,025"
25/02/2024,24,"3,469"
26/02/2024,13,"-35,335"
26/02/2024,14,"-33,978"
26/02/2024,15,"-15,048"
26/02/2024,16,"-9,537"
26/02/2024,17,"13,607"
26/02/2024,18,"-9,658"
26/02/2024,19,"-26,307"
26/02/2024,20,"-26,461"
26/02/2024,21,"-25,824"
26/02/2024,22,"-42,529"
26/02/2024,23,"-47,226"
26/02/2024,24,"-61,193"
27/02/2024,13,"-16,190"
27/02/2024,14,"8,304"
27/02/2024,15,"7,755"
27/02/2024,16,"-5,804"
27/02/2024,17,"-6,564"
27/02/2024,18,"-14,316"
27/02/2024,19,"-10,646"
27/02/2024,20,"-5,327"
27/02/2024,21,"-0,970"
27/02/2024,22,"1,198"
27/02/2024,23,"3,842"
27/02/2024,24,"3,937"
28/02/2024,13,"28,182"
28/02/2024,14,"56,846"
28/02/2024,15,"69,548"
28/02/2024,16,"95,630"
28/02/2024,17,"136,663"
28/02/2024,18,"167,784"
28/02/2024,19,"182,187"
28/02/2024,20,"183,835"
28/02/2024,21,"186,875"
28/02/2024,22,"186,527"
28/02/2024,23,"181,094"
28/02/2024,24,"171,243"
29/02/2024,13,"61,833"
29/02/2024,14,"59,498"
29/02/2024,15,"59,523"
29/02/2024,16,"38,741"
29/02/2024,17,"34,081"
29/02/2024,18,"21,621"
29/02/2024,19,"11,579"
29/02/2024,20,"3,608"
29/02/2024,21,"-128,764"
29/02/2024,22,"12,701"
29/02/2024,23,"12,719"
29/02/2024,24,"1,577"
01/03/2024,13,"4,933"
01/03/2024,14,"-2,717"
01/03/2024,15,"-18,785"
01/03/2024,16,"-8,260"
01/03/2024,17,"-11,841"
01/03/2024,18,"-9,737"
01/03/2024,19,"-0,953"
01/03/2024,20,"15,036"
01/03/2024,21,"11,408"
01/03/2024,22,"28,462"
01/03/2024,23,"34,623"
01/03/2024,24,"17,372"
02/03/2024,13,"-4,919"
02/03/2024,14,"0,000"
02/03/2024,15,"-0,400"
02/03/2024,16,"11,813"
02/03/2024,17,"7,787"
02/03/2024,18,"12,971"
02/03/2024,19,"0,343"
02/03/2024,20,"2,283"
02/03/2024,21,"0,299"
02/03/2024,22,"2,906"
02/03/2024,23,"1,435"
02/03/2024,24,"1,040"
03/03/2024,13,"-9,619"
03/03/2024,14,"-0,300"
03/03/2024,15,"0,000"
03/03/2024,16,"0,000"
03/03/2024,17,"-1,200"
03/03/2024,18,"-34,883"
03/03/2024,19,"-11,971"
03/03/2024,20,"0,754"
03/03/2024,21,"12,693"
03/03/2024,22,"5,878"
03/03/2024,23,"-11,234"
03/03/2024,24,"-32,024"
04/03/2024,13,"13,900"
04/03/2024,14,"17,003"
04/03/2024,15,"22,474"
04/03/2024,16,"23,545"
04/03/2024,17,"37,121"
04/03/2024,18,"18,480"
04/03/2024,19,"-48,508"
04/03/2024,20,"-53,497"
04/03/2024,21,"6,327"
04/03/2024,22,"7,690"
04/03/2024,23,"-2,211"
04/03/2024,24,"-6,532"
05/03/2024,13,"0,000"
05/03/2024,14,"0,000"
05/03/2024,15,"0,000"
05/03/2024,16,"0,000"
05/03/2024,17,"0,000"
05/03/2024,18,"-1,199"
05/03/2024,19,"4,626"
05/03/2024,20,"16,827"
05/03/2024,21,"28,416"
05/03/2024,22,"30,154"
05/03/2024,23,"33,497"
05/03/2024,24,"26,566"
06/03/2024,13,"-0,030"
06/03/2024,14,"-0,040"
06/03/2024,15,"0,000"
06/03/2024,16,"0,000"
06/03/2024,17,"-11,266"
06/03/2024,18,"-4,108"
06/03/2024,19,"-4,896"
06/03/2024,20,"-5,674"
06/03/2024,21,"1,100"
06/03/2024,22,"4,895"
06/03/2024,23,"9,986"
06/03/2024,24,"-2,346"
07/03/2024,13,"5,084"
07/03/2024,14,"-4,320"
07/03/2024,15,"-25,238"
07/03/2024,16,"-18,552"
07/03/2024,17,"-4,093"
07/03/2024,18,"2,009"
07/03/2024,19,"-6,012"
07/03/2024,20,"-4,982"
07/03/2024,21,"1,993"
07/03/2024,22,"9,052"
07/03/2024,23,"11,296"
07/03/2024,24,"-6,629"
08/03/2024,13,"-19,462"
08/03/2024,14,"-15,496"
08/03/2024,15,"-2,263"
08/03/2024,16,"8,076"
08/03/2024,17,"-5,441"
08/03/2024,18,"12,958"
08/03/2024,19,"22,493"
08/03/2024,20,"25,285"
08/03/2024,21,"-2,523"
08/03/2024,22,"11,491"
08/03/2024,23,"3,549"
08/03/2024,24,"12,716"
09/03/2024,13,"31,215"
09/03/2024,14,"34,671"
09/03/2024,15,"31,000"
09/03/2024,16,"12,574"
09/03/2024,17,"25,175"
09/03/2024,18,"26,795"
09/03/2024,19,"42,745"
09/03/2024,20,"45,422"
09/03/2024,21,"31,125"
09/03/2024,22,"41,129"
09/03/2024,23,"47,409"
09/03/2024,24,"46,403"
10/03/2024,13,"40,843"
10/03/2024,14,"17,809"
10/03/2024,15,"9,125"
10/03/2024,16,"77,948"
10/03/2024,17,"84,310"
10/03/2024,18,"49,132"
10/03/2024,19,"31,859"
10/03/2024,20,"14,936"
10/03/2024,21,"40,095"
10/03/2024,22,"32,018"
10/03/2024,23,"20,990"
10/03/2024,24,"20,967"
11/03/2024,13,"0,000"
11/03/2024,14,"0,000"
11/03/2024,15,"0,000"
11/03/2024,16,"0,000"
11/03/2024,17,"34,059"
11/03/2024,18,"18,956"
11/03/2024,19,"35,705"
11/03/2024,20,"25,644"
11/03/2024,21,"38,929"
11/03/2024,22,"39,013"
11/03/2024,23,"42,723"
11/03/2024,24,"25,165"
12/03/2024,13,"0,000"
12/03/2024,14,"0,000"
12/03/2024,15,"0,000"
12/03/2024,16,"0,000"
12/03/2024,17,"0,000"
12/03/2024,18,"46,459"
12/03/2024,19,"34,827"
12/03/2024,20,"33,249"
12/03/2024,21,"-9,405"
12/03/2024,22,"42,292"
12/03/2024,23,"45,902"
12/03/2024,24,"45,748"
13/03/2024,13,"0,000"
13/03/2024,14,"-4,726"
13/03/2024,15,"0,000"
13/03/2024,16,"2,389"
13/03/2024,17,"-11,970"
13/03/2024,18,"-0,518"
13/03/2024,19,"-2,283"
13/03/2024,20,"1,781"
13/03/2024,21,"-2,864"
13/03/2024,22,"3,113"
13/03/2024,23,"-9,531"
13/03/2024,24,"-17,150"
14/03/2024,13,"0,000"
14/03/2024,14,"-0,400"
14/03/2024,15,"0,000"
14/03/2024,16,"0,000"
14/03/2024,17,"-11,539"
14/03/2024,18,"-3,922"
14/03/2024,19,"1,394"
14/03/2024,20,"1,805"
14/03/2024,21,"2,295"
14/03/2024,22,"-3,431"
14/03/2024,23,"-10,466"
14/03/2024,24,"-9,103"
15/03/2024,13,"13,138"
15/03/2024,14,"13,895"
15/03/2024,15,"20,086"
15/03/2024,16,"25,476"
15/03/2024,17,"20,804"
15/03/2024,18,"20,576"
15/03/2024,19,"-2,144"
15/03/2024,20,"0,045"
15/03/2024,21,"3,747"
15/03/2024,22,"13,411"
15/03/2024,23,"11,281"
15/03/2024,24,"10,866"
16/03/2024,13,"0,000"
16/03/2024,14,"0,000"
16/03/2024,15,"0,000"
16/03/2024,16,"0,000"
16/03/2024,17,"17,083"
16/03/2024,18,"18,795"
16/03/2024,19,"0,000"
16/03/2024,20,"4,767"
16/03/2024,21,"15,655"
16/03/2024,22,"16,707"
16/03/2024,23,"19,170"
16/03/2024,24,"28,642"
17/03/2024,13,"3,571"
17/03/2024,14,"7,138"
17/03/2024,15,"8,176"
17/03/2024,16,"0,000"
17/03/2024,17,"4,039"
17/03/2024,18,"10,707"
17/03/2024,19,"27,626"
17/03/2024,20,"-53,686"
17/03/2024,21,"30,038"
17/03/2024,22,"-10,081"
17/03/2024,23,"10,957"
17/03/2024,24,"14,948"
18/03/2024,13,"0,000"
18/03/2024,14,"0,000"
18/03/2024,15,"0,000"
18/03/2024,16,"7,717"
18/03/2024,17,"4,092"
18/03/2024,18,"-4,164"
18/03/2024,19,"-8,095"
18/03/2024,20,"-7,169"
18/03/2024,21,"-6,574"
18/03/2024,22,"8,865"
18/03/2024,23,"15,619"
18/03/2024,24,"11,546"
19/03/2024,13,"0,000"
19/03/2024,14,"12,489"
19/03/2024,15,"0,000"
19/03/2024,16,"-2,821"
19/03/2024,17,"-3,444"
19/03/2024,18,"-1,584"
19/03/2024,19,"1,166"
19/03/2024,20,"3,990"
19/03/2024,21,"11,982"
19/03/2024,22,"13,960"
19/03/2024,23,"11,313"
19/03/2024,24,"8,617"
20/03/2024,13,"0,000"
20/03/2024,14,"13,640"
20/03/2024,15,"0,000"
20/03/2024,16,"0,000"
20/03/2024,17,"-4,257"
20/03/2024,18,"-13,988"
20/03/2024,19,"-2,733"
20/03/2024,20,"-6,081"
20/03/2024,21,"-11,800"
20/03/2024,22,"-3,846"
20/03/2024,23,"-3,851"
20/03/2024,24,"-5,105"
21/03/2024,13,"0,000"
21/03/2024,14,"0,000"
21/03/2024,15,"2,369"
21/03/2024,16,"5,077"
21/03/2024,17,"-7,073"
21/03/2024,18,"10,870"
21/03/2024,19,"5,619"
21/03/2024,20,"-9,393"
21/03/2024,21,"-7,632"
21/03/2024,22,"-12,649"
21/03/2024,23,"8,064"
21/03/2024,24,"4,432"
22/03/2024,13,"0,000"
22/03/2024,14,"0,000"
22/03/2024,15,"0,000"
22/03/2024,16,"-2,484"
22/03/2024,17,"9,855"
22/03/2024,18,"16,435"
22/03/2024,19,"11,437"
22/03/2024,20,"-2,366"
22/03/2024,21,"0,574"
22/03/2024,22,"-2,141"
22/03/2024,23,"-1,540"
22/03/2024,24,"0,316"
23/03/2024,13,"0,000"
23/03/2024,14,"0,000"
23/03/2024,15,"0,000"
23/03/2024,16,"0,000"
23/03/2024,17,"0,000"
23/03/2024,18,"-0,655"
23/03/2024,19,"-13,258"
23/03/2024,20,"2,432"
23/03/2024,21,"-28,383"
23/03/2024,22,"31,450"
23/03/2024,23,"31,177"
23/03/2024,24,"45,451"
24/03/2024,13,"-75,815"
24/03/2024,14,"-86,666"
24/03/2024,15,"-84,468"
24/03/2024,16,"-127,871"
24/03/2024,17,"-64,880"
24/03/2024,18,"0,000"
24/03/2024,19,"-1,800"
24/03/2024,20,"-6,523"
24/03/2024,21,"-2,918"
24/03/2024,22,"1,402"
24/03/2024,23,"5,615"
24/03/2024,24,"3,104"
25/03/2024,13,"-16,430"
25/03/2024,14,"-1,400"
25/03/2024,15,"-17,050"
25/03/2024,16,"8,429"
25/03/2024,17,"4,122"
25/03/2024,18,"-10,375"
25/03/2024,19,"-28,634"
25/03/2024,20,"-16,503"
25/03/2024,21,"-12,133"
25/03/2024,22,"-26,762"
25/03/2024,23,"-26,348"
25/03/2024,24,"-29,910"
26/03/2024,13,"2,416"
26/03/2024,14,"0,000"
26/03/2024,15,"0,000"
26/03/2024,16,"15,962"
26/03/2024,17,"21,121"
26/03/2024,18,"19,860"
26/03/2024,19,"-7,036"
26/03/2024,20,"3,002"
26/03/2024,21,"4,658"
26/03/2024,22,"10,246"
26/03/2024,23,"3,172"
26/03/2024,24,"-18,775"
27/03/2024,13,"0,000"
27/03/2024,14,"0,000"
27/03/2024,15,"0,000"
27/03/2024,16,"0,000"
27/03/2024,17,"0,000"
27/03/2024,18,"32,302"
27/03/2024,19,"-16,253"
27/03/2024,20,"-14,911"
27/03/2024,21,"-40,101"
27/03/2024,22,"-19,450"
27/03/2024,23,"-19,919"
27/03/2024,24,"-13,088"
28/03/2024,13,"0,000"
28/03/2024,14,"0,000"
28/03/2024,15,"0,000"
28/03/2024,16,"0,000"
28/03/2024,17,"0,000"
28/03/2024,18,"42,831"
28/03/2024,19,"22,188"
28/03/2024,20,"10,338"
28/03/2024,21,"10,843"
28/03/2024,22,"1,699"
28/03/2024,23,"1,109"
28/03/2024,24,"16,518"
29/03/2024,13,"0,000"
29/03/2024,14,"0,000"
29/03/2024,15,"0,000"
29/03/2024,16,"0,000"
29/03/2024,17,"-10,810"
29/03/2024,18,"-25,245"
29/03/2024,19,"-15,528"
29/03/2024,20,"-43,396"
29/03/2024,21,"-0,583"
29/03/2024,22,"-3,969"
29/03/2024,23,"4,360"
29/03/2024,24,"-0,034"
30/03/2024,13,"17,114"
30/03/2024,14,"-5,610"
30/03/2024,15,"0,630"
30/03/2024,16,"43,347"
30/03/2024,17,"23,667"
30/03/2024,18,"15,931"
30/03/2024,19,"8,160"
30/03/2024,20,"-0,124"
30/03/2024,21,"-3,153"
30/03/2024,22,"10,331"
30/03/2024,23,"-5,721"
30/03/2024,24,"-5,841"
31/03/2024,12,"-72,242"
31/03/2024,13,"0,000"
31/03/2024,14,"50,730"
31/03/2024,15,"77,929"
31/03/2024,16,"104,199"
31/03/2024,17,"81,637"
31/03/2024,18,"60,467"
31/03/2024,19,"51,598"
31/03/2024,20,"80,478"
31/03/2024,21,"80,599"
31/03/2024,22,"71,250"
31/03/2024,23,"73,528"
01/04/2024,13,"80,863"
01/04/2024,14,"134,477"
01/04/2024,15,"141,091"
01/04/2024,16,"170,584"
01/04/2024,17,"159,577"
01/04/2024,18,"0,000"
01/04/2024,19,"0,000"
01/04/2024,20,"14,796"
01/04/2024,21,"-38,653"
01/04/2024,22,"26,704"
01/04/2024,23,"22,265"
01/04/2024,24,"21,411"
02/04/2024,13,"0,000"
02/04/2024,14,"1,926"
02/04/2024,15,"0,000"
02/04/2024,16,"6,456"
02/04/2024,17,"-6,531"
02/04/2024,18,"-31,288"
02/04/2024,19,"-30,013"
02/04/2024,20,"-8,584"
02/04/2024,21,"-8,862"
02/04/2024,22,"-5,035"
02/04/2024,23,"-8,436"
02/04/2024,24,"-4,438"
03/04/2024,13,"-1,000"
03/04/2024,14,"0,000"
03/04/2024,15,"0,000"
03/04/2024,16,"-0,040"
03/04/2024,17,"0,234"
03/04/2024,18,"0,599"
03/04/2024,19,"-9,306"
03/04/2024,20,"-7,740"
03/04/2024,21,"-2,999"
03/04/2024,22,"-5,351"
03/04/2024,23,"-7,931"
03/04/2024,24,"-4,396"
04/04/2024,13,"-7,156"
04/04/2024,14,"4,194"
04/04/2024,15,"-5,325"
04/04/2024,16,"-6,167"
04/04/2024,17,"-18,220"
04/04/2024,18,"-0,962"
04/04/2024,19,"11,250"
04/04/2024,20,"4,287"
04/04/2024,21,"1,117"
04/04/2024,22,"2,652"
04/04/2024,23,"-1,577"
04/04/2024,24,"10,442"
05/04/2024,13,"18,053"
05/04/2024,14,"0,000"
05/04/2024,15,"0,000"
05/04/2024,16,"2,038"
05/04/2024,17,"7,551"
05/04/2024,18,"23,143"
05/04/2024,19,"35,379"
05/04/2024,20,"6,309"
05/04/2024,21,"10,132"
05/04/2024,22,"9,074"
05/04/2024,23,"6,774"
05/04/2024,24,"10,341"
06/04/2024,13,"24,128"
06/04/2024,14,"21,371"
06/04/2024,15,"20,933"
06/04/2024,16,"-23,983"
06/04/2024,17,"-17,501"
06/04/2024,18,"10,283"
06/04/2024,19,"29,997"
06/04/2024,20,"-0,028"
06/04/2024,21,"37,008"
06/04/2024,22,"32,361"
06/04/2024,23,"41,248"
06/04/2024,24,"14,781"
07/04/2024,13,"-5,275"
07/04/2024,14,"-12,816"
07/04/2024,15,"-3,560"
07/04/2024,16,"0,000"
07/04/2024,17,"-3,170"
07/04/2024,18,"0,023"
07/04/2024,19,"-14,777"
07/04/2024,20,"-7,123"
07/04/2024,21,"0,622"
07/04/2024,22,"6,541"
07/04/2024,23,"-0,206"
07/04/2024,24,"0,176"
08/04/2024,13,"-0,100"
08/04/2024,14,"0,000"
08/04/2024,15,"4,040"
08/04/2024,16,"8,919"
08/04/2024,17,"0,000"
08/04/2024,18,"1,282"
08/04/2024,19,"8,094"
08/04/2024,20,"12,724"
08/04/2024,21,"17,592"
08/04/2024,22,"13,028"
08/04/2024,23,"6,850"
08/04/2024,24,"13,518"
09/04/2024,13,"-11,712"
09/04/2024,14,"-13,667"
09/04/2024,15,"-37,535"
09/04/2024,16,"-16,802"
09/04/2024,17,"-23,942"
09/04/2024,18,"-1,835"
09/04/2024,19,"-16,920"
09/04/2024,20,"-104,702"
09/04/2024,21,"-95,448"
09/04/2024,22,"-55,007"
09/04/2024,23,"0,352"
09/04/2024,24,"23,269"
10/04/2024,13,"0,000"
10/04/2024,14,"0,000"
10/04/2024,15,"0,000"
10/04/2024,16,"-0,080"
10/04/2024,17,"0,000"
10/04/2024,18,"0,000"
10/04/2024,19,"7,033"
10/04/2024,20,"-8,348"
10/04/2024,21,"11,849"
10/04/2024,22,"-2,708"
10/04/2024,23,"-64,010"
10/04/2024,24,"9,904"
11/04/2024,13,"11,880"
11/04/2024,14,"3,633"
11/04/2024,15,"4,923"
11/04/2024,16,"19,814"
11/04/2024,17,"9,403"
11/04/2024,18,"-15,283"
11/04/2024,19,"9,501"
11/04/2024,20,"-3,364"
11/04/2024,21,"0,241"
11/04/2024,22,"1,080"
11/04/2024,23,"-0,705"
11/04/2024,24,"-4,936"
12/04/2024,13,"0,000"
12/04/2024,14,"-20,602"
12/04/2024,15,"-4,170"
12/04/2024,16,"-53,920"
12/04/2024,17,"9,938"
12/04/2024,18,"-4,263"
12/04/2024,19,"0,343"
12/04/2024,20,"12,819"
12/04/2024,21,"-9,677"
12/04/2024,22,"-168,238"
12/04/2024,23,"-0,123"
12/04/2024,24,"0,409"
13/04/2024,13,"-14,302"
13/04/2024,14,"-16,130"
13/04/2024,15,"3,635"
13/04/2024,16,"-11,580"
13/04/2024,17,"-5,013"
13/04/2024,18,"1,057"
13/04/2024,19,"34,112"
13/04/2024,20,"-37,822"
13/04/2024,21,"-11,937"
13/04/2024,22,"14,973"
13/04/2024,23,"20,005"
13/04/2024,24,"13,864"
14/04/2024,13,"2,987"
14/04/2024,14,"1,290"
14/04/2024,15,"-0,453"
14/04/2024,16,"4,074"
14/04/2024,17,"-3,799"
14/04/2024,18,"6,422"
14/04/2024,19,"8,747"
14/04/2024,20,"-3,960"
14/04/2024,21,"-5,403"
14/04/2024,22,"-8,952"
14/04/2024,23,"-7,027"
14/04/2024,24,"-5,268"
15/04/2024,13,"1,766"
15/04/2024,14,"-3,505"
15/04/2024,15,"13,461"
15/04/2024,16,"-8,705"
15/04/2024,17,"-8,042"
15/04/2024,18,"-18,177"
15/04/2024,19,"-0,219"
15/04/2024,20,"-50,104"
15/04/2024,21,"-56,914"
15/04/2024,22,"-46,254"
15/04/2024,23,"-33,731"
15/04/2024,24,"5,038"
16/04/2024,13,"0,000"
16/04/2024,14,"0,000"
16/04/2024,15,"0,000"
16/04/2024,16,"0,000"
16/04/2024,17,"0,000"
16/04/2024,18,"0,000"
16/04/2024,19,"-0,100"
16/04/2024,20,"0,884"
16/04/2024,21,"2,446"
16/04/2024,22,"7,372"
16/04/2024,23,"5,006"
16/04/2024,24,"12,973"
17/04/2024,13,"0,000"
17/04/2024,14,"0,000"
17/04/2024,15,"0,000"
17/04/2024,16,"0,000"
17/04/2024,17,"0,000"
17/04/2024,18,"0,000"
17/04/2024,19,"7,160"
17/04/2024,20,"8,536"
17/04/2024,21,"17,381"
17/04/2024,22,"11,811"
17/04/2024,23,"18,420"
17/04/2024,24,"17,693"
18/04/2024,13,"0,000"
18/04/2024,14,"0,000"
18/04/2024,15,"0,000"
18/04/2024,16,"0,000"
18/04/2024,17,"0,000"
18/04/2024,18,"8,280"
18/04/2024,19,"15,006"
18/04/2024,20,"-30,862"
18/04/2024,21,"-97,025"
18/04/2024,22,"-93,073"
18/04/2024,23,"-25,946"
18/04/2024,24,"-38,296"
19/04/2024,13,"0,000"
19/04/2024,14,"0,000"
19/04/2024,15,"-0,070"
19/04/2024,16,"-0,010"
19/04/2024,17,"0,000"
19/04/2024,18,"-12,981"
19/04/2024,19,"-32,182"
19/04/2024,20,"-4,606"
19/04/2024,21,"-53,012"
19/04/2024,22,"-28,295"
19/04/2024,23,"9,603"
19/04/2024,24,"6,301"
20/04/2024,13,"0,000"
20/04/2024,14,"0,000"
20/04/2024,15,"0,000"
20/04/2024,16,"0,000"
20/04/2024,17,"0,000"
20/04/2024,18,"0,000"
20/04/2024,19,"-0,400"
20/04/2024,20,"12,262"
20/04/2024,21,"15,394"
20/04/2024,22,"17,324"
20/04/2024,23,"18,824"
20/04/2024,24,"17,476"
21/04/2024,13,"1,969"
21/04/2024,14,"-6,028"
21/04/2024,15,"-1,416"
21/04/2024,16,"0,000"
21/04/2024,17,"3,671"
21/04/2024,18,"2,250"
21/04/2024,19,"5,932"
21/04/2024,20,"1,230"
21/04/2024,21,"7,820"
21/04/2024,22,"10,990"
21/04/2024,23,"13,253"
21/04/2024,24,"6,620"
22/04/2024,13,"0,000"
22/04/2024,14,"0,000"
22/04/2024,15,"0,000"
22/04/2024,16,"0,000"
22/04/2024,17,"0,000"
22/04/2024,18,"-5,200"
22/04/2024,19,"-1,577"
22/04/2024,20,"-8,416"
22/04/2024,21,"3,726"
22/04/2024,22,"3,607"
22/04/2024,23,"0,187"
22/04/2024,24,"-10,983"
23/04/2024,13,"0,000"
23/04/2024,14,"0,000"
23/04/2024,15,"0,000"
23/04/2024,16,"0,000"
23/04/2024,17,"0,000"
23/04/2024,18,"0,000"
23/04/2024,19,"-25,355"
23/04/2024,20,"3,531"
23/04/2024,21,"10,727"
23/04/2024,22,"17,887"
23/04/2024,23,"21,473"
23/04/2024,24,"15,146"
24/04/2024,13,"0,000"
24/04/2024,14,"0,000"
24/04/2024,15,"0,000"
24/04/2024,16,"0,000"
24/04/2024,17,"0,000"
24/04/2024,18,"0,000"
24/04/2024,19,"12,027"
24/04/2024,20,"6,497"
24/04/2024,21,"21,582"
24/04/2024,22,"4,802"
24/04/2024,23,"20,138"
24/04/2024,24,"24,083"
25/04/2024,13,"0,000"
25/04/2024,14,"0,000"
25/04/2024,15,"0,000"
25/04/2024,16,"0,000"
25/04/2024,17,"0,000"
25/04/2024,18,"-124,380"
25/04/2024,19,"-178,171"
25/04/2024,20,"-171,763"
25/04/2024,21,"-160,559"
25/04/2024,22,"-156,262"
25/04/2024,23,"-149,833"
25/04/2024,24,"-142,483"
26/04/2024,13,"2,239"
26/04/2024,14,"-1,971"
26/04/2024,15,"7,261"
26/04/2024,16,"41,253"
26/04/2024,17,"15,760"
26/04/2024,18,"12,020"
26/04/2024,19,"54,003"
26/04/2024,20,"3,154"
26/04/2024,21,"12,951"
26/04/2024,22,"-6,651"
26/04/2024,23,"2,369"
26/04/2024,24,"2,439"
27/04/2024,13,"0,000"
27/04/2024,14,"0,000"
27/04/2024,15,"0,000"
27/04/2024,16,"0,000"
27/04/2024,17,"-10,052"
27/04/2024,18,"-22,130"
27/04/2024,19,"-14,685"
27/04/2024,20,"-11,650"
27/04/2024,21,"-8,983"
27/04/2024,22,"-14,468"
27/04/2024,23,"-15,589"
27/04/2024,24,"-14,509"
28/04/2024,13,"0,000"
28/04/2024,14,"0,000"
28/04/2024,15,"0,000"
28/04/2024,16,"0,000"
28/04/2024,17,"0,000"
28/04/2024,18,"12,218"
28/04/2024,19,"2,889"
28/04/2024,20,"12,254"
28/04/2024,21,"14,212"
28/04/2024,22,"14,396"
28/04/2024,23,"13,239"
28/04/2024,24,"11,486"
29/04/2024,13,"0,000"
29/04/2024,14,"0,000"
29/04/2024,15,"0,000"
29/04/2024,16,"0,000"
29/04/2024,17,"0,000"
29/04/2024,18,"-13,955"
29/04/2024,19,"6,523"
29/04/2024,20,"-15,044"
29/04/2024,21,"18,618"
29/04/2024,22,"47,513"
29/04/2024,23,"36,834"
29/04/2024,24,"30,959"
30/04/2024,13,"-15,400"
30/04/2024,14,"-3,300"
30/04/2024,15,"-1,615"
30/04/2024,16,"8,223"
30/04/2024,17,"7,415"
30/04/2024,18,"31,619"
30/04/2024,19,"25,198"
30/04/2024,20,"18,866"
30/04/2024,21,"21,131"
30/04/2024,22,"-49,823"
30/04/2024,23,"36,678"
30/04/2024,24,"40,990"
01/05/2024,13,"60,887"
01/05/2024,14,"99,919"
01/05/2024,15,"86,658"
01/05/2024,16,"83,785"
01/05/2024,17,"64,189"
01/05/2024,18,"57,196"
01/05/2024,19,"55,796"
01/05/2024,20,"41,899"
01/05/2024,21,"60,588"
01/05/2024,22,"34,595"
01/05/2024,23,"-6,012"
01/05/2024,24,"13,297"
02/05/2024,13,"0,000"
02/05/2024,14,"0,000"
02/05/2024,15,"0,000"
02/05/2024,16,"0,000"
02/05/2024,17,"0,000"
02/05/2024,18,"26,617"
02/05/2024,19,"1,650"
02/05/2024,20,"-13,714"
02/05/2024,21,"-9,882"
02/05/2024,22,"-4,958"
02/05/2024,23,"-14,112"
02/05/2024,24,"-13,093"
03/05/2024,13,"0,000"
03/05/2024,14,"0,000"
03/05/2024,15,"0,000"
03/05/2024,16,"0,000"
03/05/2024,17,"0,000"
03/05/2024,18,"0,000"
03/05/2024,19,"-22,975"
03/05/2024,20,"-27,103"
03/05/2024,21,"-20,021"
03/05/2024,22,"-21,545"
03/05/2024,23,"-12,314"
03/05/2024,24,"-2,467"
04/05/2024,13,"29,603"
04/05/2024,14,"26,772"
04/05/2024,15,"21,252"
04/05/2024,16,"27,161"
04/05/2024,17,"20,526"
04/05/2024,18,"12,577"
04/05/2024,19,"-4,971"
04/05/2024,20,"-1,697"
04/05/2024,21,"1,576"
04/05/2024,22,"1,135"
04/05/2024,23,"0,755"
04/05/2024,24,"-0,021"
05/05/2024,13,"20,690"
05/05/2024,14,"-1,261"
05/05/2024,15,"-3,016"
05/05/2024,16,"-3,179"
05/05/2024,17,"-0,934"
05/05/2024,18,"-1,039"
05/05/2024,19,"11,406"
05/05/2024,20,"4,508"
05/05/2024,21,"132,185"
05/05/2024,22,"132,114"
05/05/2024,23,"52,560"
05/05/2024,24,"3,320"
06/05/2024,13,"-13,293"
06/05/2024,14,"-15,581"
06/05/2024,15,"-15,765"
06/05/2024,16,"-19,521"
06/05/2024,17,"10,792"
06/05/2024,18,"2,359"
06/05/2024,19,"-9,740"
06/05/2024,20,"-3,148"
06/05/2024,21,"1,756"
06/05/2024,22,"5,590"
06/05/2024,23,"11,878"
06/05/2024,24,"18,937"
07/05/2024,13,"101,278"
07/05/2024,14,"77,223"
07/05/2024,15,"51,779"
07/05/2024,16,"146,983"
07/05/2024,17,"12,212"
07/05/2024,18,"6,845"
07/05/2024,19,"7,995"
07/05/2024,20,"7,523"
07/05/2024,21,"6,311"
07/05/2024,22,"1,920"
07/05/2024,23,"8,501"
07/05/2024,24,"10,479"
08/05/2024,13,"14,940"
08/05/2024,14,"18,454"
08/05/2024,15,"14,083"
08/05/2024,16,"13,804"
08/05/2024,17,"8,671"
08/05/2024,18,"4,322"
08/05/2024,19,"-3,918"
08/05/2024,20,"-4,306"
08/05/2024,21,"-6,962"
08/05/2024,22,"-9,306"
08/05/2024,23,"-10,575"
08/05/2024,24,"-6,108"
09/05/2024,13,"-0,653"
09/05/2024,14,"-3,631"
09/05/2024,15,"10,165"
09/05/2024,16,"10,218"
09/05/2024,17,"9,235"
09/05/2024,18,"10,422"
09/05/2024,19,"16,459"
09/05/2024,20,"8,415"
09/05/2024,21,"8,556"
09/05/2024,22,"1,183"
09/05/2024,23,"-0,117"
09/05/2024,24,"3,700"
10/05/2024,13,"22,061"
10/05/2024,14,"14,465"
10/05/2024,15,"7,552"
10/05/2024,16,"12,141"
10/05/2024,17,"15,121"
10/05/2024,18,"-3,502"
10/05/2024,19,"15,968"
10/05/2024,20,"-3,055"
10/05/2024,21,"1,101"
10/05/2024,22,"-21,607"
10/05/2024,23,"1,394"
10/05/2024,24,"6,792"
11/05/2024,13,"181,500"
11/05/2024,14,"231,024"
11/05/2024,15,"234,293"
11/05/2024,16,"208,090"
11/05/2024,17,"196,272"
11/05/2024,18,"199,637"
11/05/2024,19,"201,586"
11/05/2024,20,"202,542"
11/05/2024,21,"199,368"
11/05/2024,22,"199,498"
11/05/2024,23,"202,487"
11/05/2024,24,"207,402"
12/05/2024,13,"8,916"
12/05/2024,14,"-15,687"
12/05/2024,15,"-26,854"
12/05/2024,16,"-8,094"
12/05/2024,17,"-16,990"
12/05/2024,18,"-0,660"
12/05/2024,19,"-21,450"
12/05/2024,20,"1,305"
12/05/2024,21,"-95,618"
12/05/2024,22,"4,451"
12/05/2024,23,"5,105"
12/05/2024,24,"3,505"
13/05/2024,13,"-13,480"
13/05/2024,14,"-14,923"
13/05/2024,15,"-7,212"
13/05/2024,16,"-1,440"
13/05/2024,17,"25,482"
13/05/2024,18,"30,892"
13/05/2024,19,"27,148"
13/05/2024,20,"6,467"
13/05/2024,21,"5,185"
13/05/2024,22,"10,433"
13/05/2024,23,"12,755"
13/05/2024,24,"5,901"
14/05/2024,13,"26,770"
14/05/2024,14,"29,929"
14/05/2024,15,"34,780"
14/05/2024,16,"52,128"
14/05/2024,17,"71,924"
14/05/2024,18,"60,237"
14/05/2024,19,"13,279"
14/05/2024,20,"9,095"
14/05/2024,21,"15,141"
14/05/2024,22,"13,370"
14/05/2024,23,"28,465"
14/05/2024,24,"33,104"
15/05/2024,13,"-4,817"
15/05/2024,14,"7,478"
15/05/2024,15,"2,011"
15/05/2024,16,"4,029"
15/05/2024,17,"-9,669"
15/05/2024,18,"-20,239"
15/05/2024,19,"-6,140"
15/05/2024,20,"3,825"
15/05/2024,21,"10,802"
15/05/2024,22,"11,518"
15/05/2024,23,"0,786"
15/05/2024,24,"2,849"
16/05/2024,13,"0,000"
16/05/2024,14,"0,000"
16/05/2024,15,"0,000"
16/05/2024,16,"0,000"
16/05/2024,17,"0,000"
16/05/2024,18,"32,592"
16/05/2024,19,"-22,501"
16/05/2024,20,"-13,097"
16/05/2024,21,"-10,760"
16/05/2024,22,"-0,712"
16/05/2024,23,"5,599"
16/05/2024,24,"2,116"
17/05/2024,13,"5,397"
17/05/2024,14,"1,867"
17/05/2024,15,"1,978"
17/05/2024,16,"5,638"
17/05/2024,17,"-2,201"
17/05/2024,18,"-7,244"
17/05/2024,19,"-3,752"
17/05/2024,20,"4,384"
17/05/2024,21,"-40,913"
17/05/2024,22,"5,453"
17/05/2024,23,"-3,776"
17/05/2024,24,"3,522"
18/05/2024,13,"-1,166"
18/05/2024,14,"5,048"
18/05/2024,15,"5,156"
18/05/2024,16,"1,889"
18/05/2024,17,"-4,634"
18/05/2024,18,"-1,357"
18/05/2024,19,"-13,082"
18/05/2024,20,"5,959"
18/05/2024,21,"-75,776"
18/05/2024,22,"0,152"
18/05/2024,23,"9,074"
18/05/2024,24,"8,373"
19/05/2024,13,"-20,471"
19/05/2024,14,"-4,556"
19/05/2024,15,"2,963"
19/05/2024,16,"-31,594"
19/05/2024,17,"1,088"
19/05/2024,18,"-7,837"
19/05/2024,19,"13,141"
19/05/2024,20,"19,612"
19/05/2024,21,"-15,593"
19/05/2024,22,"18,384"
19/05/2024,23,"21,574"
19/05/2024,24,"21,615"
20/05/2024,13,"22,211"
20/05/2024,14,"7,041"
20/05/2024,15,"15,816"
20/05/2024,16,"27,633"
20/05/2024,17,"20,617"
20/05/2024,18,"27,295"
20/05/2024,19,"22,253"
20/05/2024,20,"4,976"
20/05/2024,21,"1,858"
20/05/2024,22,"11,070"
20/05/2024,23,"-5,874"
20/05/2024,24,"-16,037"
21/05/2024,13,"0,000"
21/05/2024,14,"0,000"
21/05/2024,15,"0,000"
21/05/2024,16,"0,000"
21/05/2024,17,"0,000"
21/05/2024,18,"0,000"
21/05/2024,19,"-21,742"
21/05/2024,20,"-11,624"
21/05/2024,21,"4,523"
21/05/2024,22,"-1,565"
21/05/2024,23,"12,534"
21/05/2024,24,"9,970"
22/05/2024,13,"-15,237"
22/05/2024,14,"-5,227"
22/05/2024,15,"49,635"
22/05/2024,16,"20,853"
22/05/2024,17,"18,134"
22/05/2024,18,"29,367"
22/05/2024,19,"39,479"
22/05/2024,20,"9,021"
22/05/2024,21,"8,740"
22/05/2024,22,"5,457"
22/05/2024,23,"3,430"
22/05/2024,24,"11,150"
23/05/2024,13,"-5,457"
23/05/2024,14,"-7,588"
23/05/2024,15,"-35,744"
23/05/2024,16,"-14,333"
23/05/2024,17,"-23,136"
23/05/2024,18,"-24,468"
23/05/2024,19,"-7,347"
23/05/2024,20,"2,973"
23/05/2024,21,"-1,181"
23/05/2024,22,"9,124"
23/05/2024,23,"3,217"
23/05/2024,24,"3,085"
24/05/2024,13,"-14,800"
24/05/2024,14,"-13,162"
24/05/2024,15,"-13,070"
24/05/2024,16,"-17,810"
24/05/2024,17,"-4,955"
24/05/2024,18,"6,213"
24/05/2024,19,"2,955"
24/05/2024,20,"7,311"
24/05/2024,21,"-3,288"
24/05/2024,22,"2,904"
24/05/2024,23,"-4,550"
24/05/2024,24,"-1,821"
25/05/2024,13,"11,864"
25/05/2024,14,"1,971"
25/05/2024,15,"6,634"
25/05/2024,16,"3,387"
25/05/2024,17,"-5,974"
25/05/2024,18,"1,840"
25/05/2024,19,"-6,570"
25/05/2024,20,"9,395"
25/05/2024,21,"6,186"
25/05/2024,22,"0,351"
25/05/2024,23,"3,748"
25/05/2024,24,"4,924"
26/05/2024,13,"232,794"
26/05/2024,14,"242,705"
26/05/2024,15,"242,082"
26/05/2024,16,"235,667"
26/05/2024,17,"248,205"
26/05/2024,18,"241,436"
26/05/2024,19,"234,371"
26/05/2024,20,"224,868"
26/05/2024,21,"226,452"
26/05/2024,22,"224,747"
26/05/2024,23,"231,748"
26/05/2024,24,"227,062"
27/05/2024,13,"-0,998"
27/05/2024,14,"4,942"
27/05/2024,15,"-4,466"
27/05/2024,16,"-5,758"
27/05/2024,17,"0,229"
27/05/2024,18,"-4,830"
27/05/2024,19,"5,803"
27/05/2024,20,"-7,622"
27/05/2024,21,"3,683"
27/05/2024,22,"7,037"
27/05/2024,23,"0,828"
27/05/2024,24,"-0,994"
28/05/2024,13,"9,427"
28/05/2024,14,"30,258"
28/05/2024,15,"20,816"
28/05/2024,16,"26,094"
28/05/2024,17,"-3,517"
28/05/2024,18,"1,165"
28/05/2024,19,"-10,580"
28/05/2024,20,"-14,235"
28/05/2024,21,"-9,498"
28/05/2024,22,"9,148"
28/05/2024,23,"-38,945"
28/05/2024,24,"-9,137"
29/05/2024,13,"35,763"
29/05/2024,14,"26,786"
29/05/2024,15,"-0,521"
29/05/2024,16,"0,000"
29/05/2024,17,"-1,579"
29/05/2024,18,"5,368"
29/05/2024,19,"15,007"
29/05/2024,20,"14,438"
29/05/2024,21,"-25,346"
29/05/2024,22,"17,607"
29/05/2024,23,"12,147"
29/05/2024,24,"7,730"
30/05/2024,13,"0,000"
30/05/2024,14,"0,000"
30/05/2024,15,"0,000"
30/05/2024,16,"0,000"
30/05/2024,17,"0,000"
30/05/2024,18,"60,465"
30/05/2024,19,"59,909"
30/05/2024,20,"59,773"
30/05/2024,21,"58,641"
30/05/2024,22,"56,230"
30/05/2024,23,"58,705"
30/05/2024,24,"53,763"
31/05/2024,13,"0,000"
31/05/2024,14,"0,000"
31/05/2024,15,"0,000"
31/05/2024,16,"0,000"
31/05/2024,17,"0,000"
31/05/2024,18,"-21,809"
31/05/2024,19,"-31,241"
31/05/2024,20,"-14,591"
31/05/2024,21,"2,534"
31/05/2024,22,"-18,171"
31/05/2024,23,"4,254"
31/05/2024,24,"1,008"
01/06/2024,13,"-23,450"
01/06/2024,14,"-19,406"
01/06/2024,15,"-11,146"
01/06/2024,16,"-18,578"
01/06/2024,17,"-15,261"
01/06/2024,18,"3,260"
01/06/2024,19,"-6,442"
01/06/2024,20,"7,241"
01/06/2024,21,"-11,840"
01/06/2024,22,"-11,486"
01/06/2024,23,"-9,529"
01/06/2024,24,"-8,369"
02/06/2024,13,"-10,522"
02/06/2024,14,"-18,370"
02/06/2024,15,"0,000"
02/06/2024,16,"0,000"
02/06/2024,17,"-0,300"
02/06/2024,18,"-32,430"
02/06/2024,19,"-34,565"
02/06/2024,20,"-35,379"
02/06/2024,21,"18,990"
02/06/2024,22,"51,865"
02/06/2024,23,"24,280"
02/06/2024,24,"-12,548"
03/06/2024,13,"-11,766"
03/06/2024,14,"0,876"
03/06/2024,15,"0,682"
03/06/2024,16,"-10,213"
03/06/2024,17,"-35,130"
03/06/2024,18,"-35,694"
03/06/2024,19,"-25,480"
03/06/2024,20,"-6,729"
03/06/2024,21,"9,677"
03/06/2024,22,"2,757"
03/06/2024,23,"8,851"
03/06/2024,24,"12,053"
04/06/2024,13,"11,246"
04/06/2024,14,"12,236"
04/06/2024,15,"11,455"
04/06/2024,16,"4,212"
04/06/2024,17,"-6,135"
04/06/2024,18,"-1,297"
04/06/2024,19,"0,161"
04/06/2024,20,"1,187"
04/06/2024,21,"4,075"
04/06/2024,22,"2,250"
04/06/2024,23,"1,691"
04/06/2024,24,"5,643"
05/06/2024,13,"41,237"
05/06/2024,14,"37,117"
05/06/2024,15,"24,821"
05/06/2024,16,"18,369"
05/06/2024,17,"5,683"
05/06/2024,18,"9,050"
05/06/2024,19,"12,325"
05/06/2024,20,"-0,967"
05/06/2024,21,"-2,373"
05/06/2024,22,"5,091"
05/06/2024,23,"2,549"
05/06/2024,24,"1,011"
06/06/2024,13,"2,790"
06/06/2024,14,"35,184"
06/06/2024,15,"8,720"
06/06/2024,16,"4,466"
06/06/2024,17,"6,355"
06/06/2024,18,"3,625"
06/06/2024,19,"-5,670"
06/06/2024,20,"-1,920"
06/06/2024,21,"0,484"
06/06/2024,22,"-0,755"
06/06/2024,23,"-6,230"
06/06/2024,24,"1,500"
07/06/2024,13,"4,222"
07/06/2024,14,"-2,386"
07/06/2024,15,"-3,930"
07/06/2024,16,"-0,590"
07/06/2024,17,"-15,039"
07/06/2024,18,"6,462"
07/06/2024,19,"16,934"
07/06/2024,20,"2,564"
07/06/2024,21,"12,001"
07/06/2024,22,"33,061"
07/06/2024,23,"-155,927"
07/06/2024,24,"-130,218"
08/06/2024,13,"-4,009"
08/06/2024,14,"0,000"
08/06/2024,15,"3,452"
08/06/2024,16,"-21,666"
08/06/2024,17,"12,117"
08/06/2024,18,"16,207"
08/06/2024,19,"35,259"
08/06/2024,20,"5,888"
08/06/2024,21,"-4,116"
08/06/2024,22,"-57,506"
08/06/2024,23,"2,814"
08/06/2024,24,"-1,899"
09/06/2024,13,"-11,538"
09/06/2024,14,"0,000"
09/06/2024,15,"0,000"
09/06/2024,16,"0,000"
09/06/2024,17,"1,322"
09/06/2024,18,"-6,917"
09/06/2024,19,"-14,173"
09/06/2024,20,"-16,619"
09/06/2024,21,"-8,556"
09/06/2024,22,"-12,896"
09/06/2024,23,"-30,072"
09/06/2024,24,"-8,375"
10/06/2024,13,"0,000"
10/06/2024,14,"0,000"
10/06/2024,15,"0,000"
10/06/2024,16,"10,297"
10/06/2024,17,"7,400"
10/06/2024,18,"11,475"
10/06/2024,19,"12,976"
10/06/2024,20,"10,109"
10/06/2024,21,"1,008"
10/06/2024,22,"0,555"
10/06/2024,23,"1,506"
10/06/2024,24,"-0,128"
11/06/2024,13,"-4,708"
11/06/2024,14,"8,536"
11/06/2024,15,"17,698"
11/06/2024,16,"17,761"
11/06/2024,17,"7,532"
11/06/2024,18,"4,140"
11/06/2024,19,"12,325"
11/06/2024,20,"14,254"
11/06/2024,21,"12,468"
11/06/2024,22,"8,258"
11/06/2024,23,"12,344"
11/06/2024,24,"5,314"
12/06/2024,13,"6,782"
12/06/2024,14,"0,000"
12/06/2024,15,"0,000"
12/06/2024,16,"8,571"
12/06/2024,17,"0,314"
12/06/2024,18,"10,371"
12/06/2024,19,"2,779"
12/06/2024,20,"5,550"
12/06/2024,21,"-66,970"
12/06/2024,22,"16,609"
12/06/2024,23,"9,136"
12/06/2024,24,"29,560"
13/06/2024,13,"0,000"
13/06/2024,14,"0,000"
13/06/2024,15,"0,000"
13/06/2024,16,"0,000"
13/06/2024,17,"0,000"
13/06/2024,18,"0,000"
13/06/2024,19,"-35,699"
13/06/2024,20,"-48,429"
13/06/2024,21,"-43,102"
13/06/2024,22,"-29,854"
13/06/2024,23,"-26,502"
13/06/2024,24,"-26,522"
14/06/2024,13,"30,953"
14/06/2024,14,"34,999"
14/06/2024,15,"33,742"
14/06/2024,16,"38,727"
14/06/2024,17,"53,142"
14/06/2024,18,"50,138"
14/06/2024,19,"48,869"
14/06/2024,20,"51,453"
14/06/2024,21,"50,838"
14/06/2024,22,"19,819"
14/06/2024,23,"24,544"
14/06/2024,24,"58,931"
15/06/2024,13,"8,762"
15/06/2024,14,"18,939"
15/06/2024,15,"29,407"
15/06/2024,16,"20,674"
15/06/2024,17,"13,583"
15/06/2024,18,"15,381"
15/06/2024,19,"-4,022"
15/06/2024,20,"0,756"
15/06/2024,21,"5,760"
15/06/2024,22,"1,264"
15/06/2024,23,"-27,198"
15/06/2024,24,"3,435"
16/06/2024,13,"27,511"
16/06/2024,14,"10,586"
16/06/2024,15,"9,893"
16/06/2024,16,"12,735"
16/06/2024,17,"3,601"
16/06/2024,18,"-21,630"
16/06/2024,19,"-18,542"
16/06/2024,20,"-7,790"
16/06/2024,21,"-1,254"
16/06/2024,22,"1,669"
16/06/2024,23,"-20,036"
16/06/2024,24,"5,775"
17/06/2024,13,"5,352"
17/06/2024,14,"0,132"
17/06/2024,15,"-6,311"
17/06/2024,16,"-3,002"
17/06/2024,17,"-1,686"
17/06/2024,18,"0,833"
17/06/2024,19,"36,575"
17/06/2024,20,"41,842"
17/06/2024,21,"78,160"
17/06/2024,22,"91,849"
17/06/2024,23,"68,063"
17/06/2024,24,"62,773"
18/06/2024,13,"-36,010"
18/06/2024,14,"40,275"
18/06/2024,15,"40,434"
18/06/2024,16,"-41,803"
18/06/2024,17,"-42,212"
18/06/2024,18,"-22,982"
18/06/2024,19,"10,307"
18/06/2024,20,"0,453"
18/06/2024,21,"4,297"
18/06/2024,22,"1,546"
18/06/2024,23,"-0,904"
18/06/2024,24,"-2,648"
19/06/2024,13,"-26,812"
19/06/2024,14,"-39,377"
19/06/2024,15,"-8,517"
19/06/2024,16,"-15,068"
19/06/2024,17,"-13,320"
19/06/2024,18,"-15,949"
19/06/2024,19,"-26,022"
19/06/2024,20,"18,520"
19/06/2024,21,"26,246"
19/06/2024,22,"38,270"
19/06/2024,23,"29,457"
19/06/2024,24,"21,217"
20/06/2024,13,"30,143"
20/06/2024,14,"29,370"
20/06/2024,15,"21,584"
20/06/2024,16,"18,825"
20/06/2024,17,"-0,238"
20/06/2024,18,"-4,117"
20/06/2024,19,"-20,055"
20/06/2024,20,"-6,713"
20/06/2024,21,"3,871"
20/06/2024,22,"2,914"
20/06/2024,23,"5,161"
20/06/2024,24,"-0,678"
21/06/2024,13,"-10,087"
21/06/2024,14,"-0,820"
21/06/2024,15,"-15,826"
21/06/2024,16,"-11,998"
21/06/2024,17,"-37,089"
21/06/2024,18,"-35,748"
21/06/2024,19,"-24,608"
21/06/2024,20,"-24,445"
21/06/2024,21,"-25,907"
21/06/2024,22,"-9,416"
21/06/2024,23,"4,836"
21/06/2024,24,"-0,033"
22/06/2024,13,"0,000"
22/06/2024,14,"18,747"
22/06/2024,15,"0,000"
22/06/2024,16,"0,000"
22/06/2024,17,"0,000"
22/06/2024,18,"-35,581"
22/06/2024,19,"-46,661"
22/06/2024,20,"13,989"
22/06/2024,21,"23,947"
22/06/2024,22,"80,534"
22/06/2024,23,"34,132"
22/06/2024,24,"34,557"
23/06/2024,13,"41,921"
23/06/2024,14,"0,000"
23/06/2024,15,"0,000"
23/06/2024,16,"33,312"
23/06/2024,17,"16,356"
23/06/2024,18,"-12,722"
23/06/2024,19,"-5,322"
23/06/2024,20,"-19,439"
23/06/2024,21,"-78,727"
23/06/2024,22,"-74,996"
23/06/2024,23,"-11,689"
23/06/2024,24,"-1,820"
24/06/2024,13,"12,216"
24/06/2024,14,"-4,208"
24/06/2024,15,"16,043"
24/06/2024,16,"80,888"
24/06/2024,17,"-6,497"
24/06/2024,18,"-15,844"
24/06/2024,19,"-41,146"
24/06/2024,20,"-20,672"
24/06/2024,21,"42,153"
24/06/2024,22,"-10,300"
24/06/2024,23,"14,529"
24/06/2024,24,"-83,227"
26/06/2024,13,"-2,297"
26/06/2024,14,"21,809"
26/06/2024,15,"28,454"
26/06/2024,16,"-1,923"
26/06/2024,17,"32,020"
26/06/2024,18,"36,414"
26/06/2024,19,"-1,498"
26/06/2024,20,"5,192"
26/06/2024,21,"16,031"
26/06/2024,22,"18,567"
26/06/2024,23,"-6,700"
26/06/2024,24,"-15,929"
27/06/2024,13,"-84,952"
27/06/2024,14,"-60,348"
27/06/2024,15,"-45,964"
27/06/2024,16,"0,000"
27/06/2024,17,"-39,044"
27/06/2024,18,"-62,046"
27/06/2024,19,"6,839"
27/06/2024,20,"4,066"
27/06/2024,21,"10,520"
27/06/2024,22,"7,074"
27/06/2024,23,"6,382"
27/06/2024,24,"3,900"
28/06/2024,13,"3,993"
28/06/2024,14,"8,113"
28/06/2024,15,"-7,309"
28/06/2024,16,"2,133"
28/06/2024,17,"-7,239"
28/06/2024,18,"-1,364"
28/06/2024,19,"-2,348"
28/06/2024,20,"6,237"
28/06/2024,21,"-0,392"
28/06/2024,22,"3,542"
28/06/2024,23,"-5,472"
28/06/2024,24,"3,548"
29/06/2024,13,"81,495"
29/06/2024,14,"94,336"
29/06/2024,15,"79,427"
29/06/2024,16,"62,863"
29/06/2024,17,"7,675"
29/06/2024,18,"14,287"
29/06/2024,19,"15,639"
29/06/2024,20,"-5,325"
29/06/2024,21,"-0,956"
29/06/2024,22,"1,166"
29/06/2024,23,"-17,520"
29/06/2024,24,"-14,370"
30/06/2024,13,"-23,687"
30/06/2024,14,"-23,650"
30/06/2024,15,"-3,200"
30/06/2024,16,"-2,800"
30/06/2024,17,"-78,624"
30/06/2024,18,"-89,091"
30/06/2024,19,"-66,501"
30/06/2024,20,"-39,012"
30/06/2024,21,"-0,851"
30/06/2024,22,"-38,850"
30/06/2024,23,"-0,058"
30/06/2024,24,"3,740"
01/07/2024,13,"-33,724"
01/07/2024,14,"-6,535"
01/07/2024,15,"-34,150"
01/07/2024,16,"-40,054"
01/07/2024,17,"-45,585"
01/07/2024,18,"-41,367"
01/07/2024,19,"-32,969"
01/07/2024,20,"-41,433"
01/07/2024,21,"-33,694"
01/07/2024,22,"-61,028"
01/07/2024,23,"1,899"
01/07/2024,24,"-5,890"
02/07/2024,13,"0,000"
02/07/2024,14,"0,000"
02/07/2024,15,"0,000"
02/07/2024,16,"0,000"
02/07/2024,17,"0,000"
02/07/2024,18,"0,000"
02/07/2024,19,"12,640"
02/07/2024,20,"10,597"
02/07/2024,21,"-2,201"
02/07/2024,22,"7,773"
02/07/2024,23,"14,445"
02/07/2024,24,"17,779"
04/07/2024,13,"0,000"
04/07/2024,14,"0,000"
04/07/2024,15,"0,000"
04/07/2024,16,"0,000"
04/07/2024,17,"0,000"
04/07/2024,18,"56,774"
04/07/2024,19,"43,081"
04/07/2024,20,"27,164"
04/07/2024,21,"68,493"
04/07/2024,22,"36,028"
04/07/2024,23,"13,041"
04/07/2024,24,"12,702"
05/07/2024,13,"29,486"
05/07/2024,14,"5,141"
05/07/2024,15,"32,049"
05/07/2024,16,"35,446"
05/07/2024,17,"29,951"
05/07/2024,18,"38,327"
05/07/2024,19,"24,818"
05/07/2024,20,"-7,959"
05/07/2024,21,"0,123"
05/07/2024,22,"-0,677"
05/07/2024,23,"6,665"
05/07/2024,24,"15,408"
06/07/2024,13,"27,485"
06/07/2024,14,"-3,381"
06/07/2024,15,"31,264"
06/07/2024,16,"10,008"
06/07/2024,17,"52,835"
06/07/2024,18,"41,462"
06/07/2024,19,"1,566"
06/07/2024,20,"-48,119"
06/07/2024,21,"-56,665"
06/07/2024,22,"-102,664"
06/07/2024,23,"-85,521"
06/07/2024,24,"-67,618"
07/07/2024,13,"40,734"
07/07/2024,14,"16,108"
07/07/2024,15,"-3,750"
07/07/2024,16,"-4,347"
07/07/2024,17,"41,574"
07/07/2024,18,"29,936"
07/07/2024,19,"-8,996"
07/07/2024,20,"32,276"
07/07/2024,21,"-0,218"
07/07/2024,22,"0,636"
07/07/2024,23,"0,331"
07/07/2024,24,"-2,280"
08/07/2024,13,"-38,318"
08/07/2024,14,"133,630"
08/07/2024,15,"-25,099"
08/07/2024,16,"138,668"
08/07/2024,17,"139,887"
08/07/2024,18,"-28,671"
08/07/2024,19,"-32,498"
08/07/2024,20,"-142,850"
08/07/2024,21,"-2,409"
08/07/2024,22,"-100,718"
08/07/2024,23,"38,616"
08/07/2024,24,"8,051"
09/07/2024,13,"-8,353"
09/07/2024,14,"-6,734"
09/07/2024,15,"32,039"
09/07/2024,16,"-1,576"
09/07/2024,17,"39,392"
09/07/2024,18,"-1,333"
09/07/2024,19,"3,994"
09/07/2024,20,"10,728"
09/07/2024,21,"13,917"
09/07/2024,22,"6,482"
09/07/2024,23,"4,598"
09/07/2024,24,"2,990"
10/07/2024,13,"43,800"
10/07/2024,14,"-8,612"
10/07/2024,15,"-128,235"
10/07/2024,16,"-197,248"
10/07/2024,17,"-180,629"
10/07/2024,18,"-182,754"
10/07/2024,19,"-94,965"
10/07/2024,20,"-88,859"
10/07/2024,21,"-107,046"
10/07/2024,22,"-15,199"
10/07/2024,23,"-117,316"
10/07/2024,24,"-148,012"
11/07/2024,13,"-33,890"
11/07/2024,14,"8,088"
11/07/2024,15,"3,594"
11/07/2024,16,"-33,897"
11/07/2024,17,"4,247"
11/07/2024,18,"17,928"
11/07/2024,19,"-0,783"
11/07/2024,20,"4,393"
11/07/2024,21,"6,640"
11/07/2024,22,"-20,424"
11/07/2024,23,"-49,798"
11/07/2024,24,"4,913"
12/07/2024,13,"51,893"
12/07/2024,14,"53,805"
12/07/2024,15,"52,067"
12/07/2024,16,"60,844"
12/07/2024,17,"60,561"
12/07/2024,18,"54,480"
12/07/2024,19,"12,962"
12/07/2024,20,"4,136"
12/07/2024,21,"4,177"
12/07/2024,22,"34,488"
12/07/2024,23,"2,229"
12/07/2024,24,"10,445"
13/07/2024,13,"54,815"
13/07/2024,14,"61,334"
13/07/2024,15,"20,473"
13/07/2024,16,"27,963"
13/07/2024,17,"7,591"
13/07/2024,18,"6,763"
13/07/2024,19,"56,675"
13/07/2024,20,"22,839"
13/07/2024,21,"-1,114"
13/07/2024,22,"60,072"
13/07/2024,23,"9,232"
13/07/2024,24,"7,201"
14/07/2024,13,"36,728"
14/07/2024,14,"7,472"
14/07/2024,15,"7,261"
14/07/2024,16,"9,920"
14/07/2024,17,"18,346"
14/07/2024,18,"24,392"
14/07/2024,19,"7,196"
14/07/2024,20,"-3,096"
14/07/2024,21,"3,952"
14/07/2024,22,"-3,060"
14/07/2024,23,"41,799"
14/07/2024,24,"38,976"
15/07/2024,13,"-5,318"
15/07/2024,14,"-5,494"
15/07/2024,15,"-7,277"
15/07/2024,16,"-9,104"
15/07/2024,17,"-6,214"
15/07/2024,18,"-44,119"
15/07/2024,19,"-24,635"
15/07/2024,20,"-42,617"
15/07/2024,21,"-39,349"
15/07/2024,22,"-53,796"
15/07/2024,23,"-9,232"
15/07/2024,24,"-11,670"
16/07/2024,13,"-33,399"
16/07/2024,14,"-28,148"
16/07/2024,15,"-35,976"
16/07/2024,16,"-34,718"
16/07/2024,17,"-22,456"
16/07/2024,18,"-6,752"
16/07/2024,19,"24,157"
16/07/2024,20,"15,055"
16/07/2024,21,"3,676"
16/07/2024,22,"1,404"
16/07/2024,23,"6,547"
16/07/2024,24,"10,740"
17/07/2024,13,"-0,262"
17/07/2024,14,"-34,326"
17/07/2024,15,"-31,701"
17/07/2024,16,"6,023"
17/07/2024,17,"-22,508"
17/07/2024,18,"-7,318"
17/07/2024,19,"-16,861"
17/07/2024,20,"29,352"
17/07/2024,21,"55,759"
17/07/2024,22,"28,357"
17/07/2024,23,"0,564"
17/07/2024,24,"-2,352"
18/07/2024,13,"0,650"
18/07/2024,14,"38,746"
18/07/2024,15,"3,731"
18/07/2024,16,"8,581"
18/07/2024,17,"13,830"
18/07/2024,18,"50,847"
18/07/2024,19,"38,441"
18/07/2024,20,"-5,481"
18/07/2024,21,"-2,586"
18/07/2024,22,"-2,504"
18/07/2024,23,"-5,501"
18/07/2024,24,"-2,676"
19/07/2024,13,"-18,034"
19/07/2024,14,"-11,378"
19/07/2024,15,"-12,082"
19/07/2024,16,"-4,289"
19/07/2024,17,"9,186"
19/07/2024,18,"-5,032"
19/07/2024,19,"-2,418"
19/07/2024,20,"-0,919"
19/07/2024,21,"-1,627"
19/07/2024,22,"0,487"
19/07/2024,23,"1,765"
19/07/2024,24,"0,586"
20/07/2024,13,"62,602"
20/07/2024,14,"57,482"
20/07/2024,15,"19,755"
20/07/2024,16,"-0,089"
20/07/2024,17,"37,332"
20/07/2024,18,"12,260"
20/07/2024,19,"11,189"
20/07/2024,20,"34,298"
20/07/2024,21,"5,062"
20/07/2024,22,"5,842"
20/07/2024,23,"4,393"
20/07/2024,24,"2,335"
21/07/2024,13,"-11,366"
21/07/2024,14,"-46,021"
21/07/2024,15,"-37,319"
21/07/2024,16,"11,477"
21/07/2024,17,"13,255"
21/07/2024,18,"-34,659"
21/07/2024,19,"13,926"
21/07/2024,20,"-11,790"
21/07/2024,21,"-9,970"
21/07/2024,22,"2,010"
21/07/2024,23,"48,801"
21/07/2024,24,"77,879"
22/07/2024,13,"0,000"
22/07/2024,14,"-39,155"
22/07/2024,15,"-40,089"
22/07/2024,16,"-38,290"
22/07/2024,17,"-52,046"
22/07/2024,18,"-52,485"
22/07/2024,19,"-23,841"
22/07/2024,20,"-14,154"
22/07/2024,21,"-15,228"
22/07/2024,22,"-6,874"
22/07/2024,23,"-1,778"
22/07/2024,24,"4,255"
23/07/2024,13,"19,723"
23/07/2024,14,"28,828"
23/07/2024,15,"-4,122"
23/07/2024,16,"54,689"
23/07/2024,17,"36,378"
23/07/2024,18,"61,811"
23/07/2024,19,"72,280"
23/07/2024,20,"18,810"
23/07/2024,21,"52,439"
23/07/2024,22,"17,694"
23/07/2024,23,"27,470"
23/07/2024,24,"31,914"
24/07/2024,13,"0,000"
24/07/2024,14,"0,000"
24/07/2024,15,"0,000"
24/07/2024,16,"0,000"
24/07/2024,17,"0,000"
24/07/2024,18,"0,000"
24/07/2024,19,"0,796"
24/07/2024,20,"-38,784"
24/07/2024,21,"-6,037"
24/07/2024,22,"-31,577"
24/07/2024,23,"2,419"
24/07/2024,24,"0,966"
25/07/2024,13,"0,000"
25/07/2024,14,"0,000"
25/07/2024,15,"0,000"
25/07/2024,16,"0,000"
25/07/2024,17,"0,000"
25/07/2024,18,"15,634"
25/07/2024,19,"0,205"
25/07/2024,20,"11,559"
25/07/2024,21,"6,812"
25/07/2024,22,"4,175"
25/07/2024,23,"6,270"
25/07/2024,24,"4,725"
26/07/2024,13,"0,000"
26/07/2024,14,"0,000"
26/07/2024,15,"0,000"
26/07/2024,16,"0,000"
26/07/2024,17,"0,000"
26/07/2024,18,"4,740"
26/07/2024,19,"21,282"
26/07/2024,20,"26,192"
26/07/2024,21,"29,567"
26/07/2024,22,"-0,566"
26/07/2024,23,"-1,869"
26/07/2024,24,"-0,382"
27/07/2024,13,"-1,873"
27/07/2024,14,"-11,871"
27/07/2024,15,"11,498"
27/07/2024,16,"-11,416"
27/07/2024,17,"6,082"
27/07/2024,18,"34,518"
27/07/2024,19,"23,747"
27/07/2024,20,"33,705"
27/07/2024,21,"29,073"
27/07/2024,22,"38,512"
27/07/2024,23,"7,755"
27/07/2024,24,"0,656"
28/07/2024,13,"-3,527"
28/07/2024,14,"-5,182"
28/07/2024,15,"-8,451"
28/07/2024,16,"-3,278"
28/07/2024,17,"18,598"
28/07/2024,18,"2,917"
28/07/2024,19,"-24,355"
28/07/2024,20,"5,554"
28/07/2024,21,"31,727"
28/07/2024,22,"-28,995"
28/07/2024,23,"4,269"
28/07/2024,24,"1,972"
29/07/2024,13,"14,617"
29/07/2024,14,"19,623"
29/07/2024,15,"21,040"
29/07/2024,16,"13,250"
29/07/2024,17,"31,715"
29/07/2024,18,"30,716"
29/07/2024,19,"37,563"
29/07/2024,20,"14,133"
29/07/2024,21,"23,212"
29/07/2024,22,"46,163"
29/07/2024,23,"-8,581"
29/07/2024,24,"-6,959"
30/07/2024,13,"-6,933"
30/07/2024,14,"-10,182"
30/07/2024,15,"-11,340"
30/07/2024,16,"-7,159"
30/07/2024,17,"-3,418"
30/07/2024,18,"-9,105"
30/07/2024,19,"-7,349"
30/07/2024,20,"2,055"
30/07/2024,21,"-18,545"
30/07/2024,22,"-13,296"
30/07/2024,23,"15,855"
30/07/2024,24,"8,304"
31/07/2024,13,"-13,036"
31/07/2024,14,"-15,316"
31/07/2024,15,"-30,549"
31/07/2024,16,"-25,577"
31/07/2024,17,"-22,098"
31/07/2024,18,"-20,583"
31/07/2024,19,"9,190"
31/07/2024,20,"-1,386"
31/07/2024,21,"11,539"
31/07/2024,22,"-9,605"
31/07/2024,23,"7,729"
31/07/2024,24,"3,496"
01/08/2024,13,"-5,356"
01/08/2024,14,"-4,321"
01/08/2024,15,"-8,328"
01/08/2024,16,"33,056"
01/08/2024,17,"10,334"
01/08/2024,18,"-15,332"
01/08/2024,19,"-16,644"
01/08/2024,20,"3,843"
01/08/2024,21,"-28,448"
01/08/2024,22,"34,868"
01/08/2024,23,"4,634"
01/08/2024,24,"3,817"
02/08/2024,13,"-19,348"
02/08/2024,14,"-11,149"
02/08/2024,15,"-15,267"
02/08/2024,16,"-18,965"
02/08/2024,17,"-31,786"
02/08/2024,18,"-32,278"
02/08/2024,19,"-56,517"
02/08/2024,20,"-40,470"
02/08/2024,21,"21,128"
02/08/2024,22,"40,403"
02/08/2024,23,"4,132"
02/08/2024,24,"4,369"
03/08/2024,13,"10,183"
03/08/2024,14,"18,371"
03/08/2024,15,"12,777"
03/08/2024,16,"24,077"
03/08/2024,17,"36,779"
03/08/2024,18,"-3,793"
03/08/2024,19,"-13,300"
03/08/2024,20,"-3,906"
03/08/2024,21,"5,959"
03/08/2024,22,"13,857"
03/08/2024,23,"11,481"
03/08/2024,24,"21,780"
04/08/2024,13,"-13,324"
04/08/2024,14,"-2,044"
04/08/2024,15,"15,430"
04/08/2024,16,"23,217"
04/08/2024,17,"30,974"
04/08/2024,18,"67,702"
04/08/2024,19,"65,012"
04/08/2024,20,"33,797"
04/08/2024,21,"24,110"
04/08/2024,22,"19,001"
04/08/2024,23,"13,396"
04/08/2024,24,"15,198"
05/08/2024,13,"18,313"
05/08/2024,14,"16,792"
05/08/2024,15,"16,562"
05/08/2024,16,"11,080"
05/08/2024,17,"15,497"
05/08/2024,18,"29,313"
05/08/2024,19,"-6,316"
05/08/2024,20,"37,963"
05/08/2024,21,"28,290"
05/08/2024,22,"16,348"
05/08/2024,23,"6,545"
05/08/2024,24,"13,571"
06/08/2024,13,"-25,162"
06/08/2024,14,"-28,054"
06/08/2024,15,"-24,292"
06/08/2024,16,"-21,318"
06/08/2024,17,"-28,081"
06/08/2024,18,"-47,958"
06/08/2024,19,"-17,695"
06/08/2024,20,"7,140"
06/08/2024,21,"0,436"
06/08/2024,22,"13,509"
06/08/2024,23,"14,593"
06/08/2024,24,"-4,003"
07/08/2024,13,"10,642"
07/08/2024,14,"24,007"
07/08/2024,15,"-34,523"
07/08/2024,16,"-18,953"
07/08/2024,17,"15,748"
07/08/2024,18,"14,255"
07/08/2024,19,"28,842"
07/08/2024,20,"5,524"
07/08/2024,21,"-0,302"
07/08/2024,22,"6,843"
07/08/2024,23,"-4,479"
07/08/2024,24,"1,088"
08/08/2024,13,"40,882"
08/08/2024,14,"44,516"
08/08/2024,15,"56,279"
08/08/2024,16,"55,782"
08/08/2024,17,"60,805"
08/08/2024,18,"39,424"
08/08/2024,19,"28,074"
08/08/2024,20,"3,301"
08/08/2024,21,"29,663"
08/08/2024,22,"10,337"
08/08/2024,23,"8,612"
08/08/2024,24,"3,919"
09/08/2024,13,"9,500"
09/08/2024,14,"13,836"
09/08/2024,15,"27,652"
09/08/2024,16,"30,377"
09/08/2024,17,"33,145"
09/08/2024,18,"-1,614"
09/08/2024,19,"12,787"
09/08/2024,20,"2,791"
09/08/2024,21,"1,776"
09/08/2024,22,"9,066"
09/08/2024,23,"13,140"
09/08/2024,24,"15,614"
10/08/2024,13,"16,526"
10/08/2024,14,"12,839"
10/08/2024,15,"21,214"
10/08/2024,16,"-11,095"
10/08/2024,17,"13,379"
10/08/2024,18,"4,050"
10/08/2024,19,"15,092"
10/08/2024,20,"-1,797"
10/08/2024,21,"-1,216"
10/08/2024,22,"11,691"
10/08/2024,23,"46,844"
10/08/2024,24,"1,693"
11/08/2024,13,"-14,137"
11/08/2024,14,"-20,608"
11/08/2024,15,"-17,305"
11/08/2024,16,"-17,524"
11/08/2024,17,"-16,140"
11/08/2024,18,"-47,773"
11/08/2024,19,"-23,478"
11/08/2024,20,"-22,166"
11/08/2024,21,"-25,613"
11/08/2024,22,"-25,253"
11/08/2024,23,"1,716"
11/08/2024,24,"21,177"
12/08/2024,13,"25,956"
12/08/2024,14,"27,177"
12/08/2024,15,"40,044"
12/08/2024,16,"37,775"
12/08/2024,17,"60,704"
12/08/2024,18,"42,057"
12/08/2024,19,"19,923"
12/08/2024,20,"-24,525"
12/08/2024,21,"-1,611"
12/08/2024,22,"2,892"
12/08/2024,23,"5,296"
12/08/2024,24,"-2,801"
13/08/2024,13,"4,001"
13/08/2024,14,"5,339"
13/08/2024,15,"6,109"
13/08/2024,16,"46,439"
13/08/2024,17,"5,148"
13/08/2024,18,"-25,560"
13/08/2024,19,"-34,455"
13/08/2024,20,"-20,295"
13/08/2024,21,"2,771"
13/08/2024,22,"-17,415"
13/08/2024,23,"-10,519"
13/08/2024,24,"14,117"
14/08/2024,13,"17,530"
14/08/2024,14,"14,850"
14/08/2024,15,"19,898"
14/08/2024,16,"14,713"
14/08/2024,17,"22,247"
14/08/2024,18,"26,334"
14/08/2024,19,"100,284"
14/08/2024,20,"75,588"
14/08/2024,21,"52,358"
14/08/2024,22,"72,335"
14/08/2024,23,"-12,261"
14/08/2024,24,"-2,056"
15/08/2024,13,"-3,085"
15/08/2024,14,"-5,307"
15/08/2024,15,"-0,959"
15/08/2024,16,"-12,495"
15/08/2024,17,"-22,341"
15/08/2024,18,"-5,521"
15/08/2024,19,"-4,494"
15/08/2024,20,"-13,017"
15/08/2024,21,"38,306"
15/08/2024,22,"-0,427"
15/08/2024,23,"16,401"
15/08/2024,24,"1,663"
16/08/2024,13,"51,185"
16/08/2024,14,"56,334"
16/08/2024,15,"69,044"
16/08/2024,16,"24,241"
16/08/2024,17,"20,182"
16/08/2024,18,"13,189"
16/08/2024,19,"19,649"
16/08/2024,20,"13,365"
16/08/2024,21,"31,768"
16/08/2024,22,"42,675"
16/08/2024,23,"12,964"
16/08/2024,24,"8,066"
17/08/2024,13,"-0,357"
17/08/2024,14,"13,128"
17/08/2024,15,"11,421"
17/08/2024,16,"18,691"
17/08/2024,17,"41,023"
17/08/2024,18,"26,401"
17/08/2024,19,"55,655"
17/08/2024,20,"23,303"
17/08/2024,21,"25,075"
17/08/2024,22,"28,943"
17/08/2024,23,"71,369"
17/08/2024,24,"67,237"
18/08/2024,13,"0,100"
18/08/2024,14,"35,641"
18/08/2024,15,"-0,399"
18/08/2024,16,"-14,886"
18/08/2024,17,"0,608"
18/08/2024,18,"62,004"
18/08/2024,19,"82,247"
18/08/2024,20,"18,453"
18/08/2024,21,"-1,306"
18/08/2024,22,"-11,047"
18/08/2024,23,"1,772"
18/08/2024,24,"-8,014"
19/08/2024,13,"5,220"
19/08/2024,14,"0,086"
19/08/2024,15,"3,382"
19/08/2024,16,"1,178"
19/08/2024,17,"9,982"
19/08/2024,18,"-27,623"
19/08/2024,19,"19,397"
19/08/2024,20,"24,634"
19/08/2024,21,"-108,169"
19/08/2024,22,"25,248"
19/08/2024,23,"54,325"
19/08/2024,24,"58,916"
20/08/2024,13,"57,545"
20/08/2024,14,"55,551"
20/08/2024,15,"27,596"
20/08/2024,16,"58,992"
20/08/2024,17,"67,255"
20/08/2024,18,"40,855"
20/08/2024,19,"45,034"
20/08/2024,20,"89,637"
20/08/2024,21,"75,789"
20/08/2024,22,"77,659"
20/08/2024,23,"91,559"
20/08/2024,24,"90,974"
21/08/2024,13,"24,307"
21/08/2024,14,"-10,932"
21/08/2024,15,"15,178"
21/08/2024,16,"13,470"
21/08/2024,17,"2,400"
21/08/2024,18,"40,890"
21/08/2024,19,"28,138"
21/08/2024,20,"51,527"
21/08/2024,21,"83,082"
21/08/2024,22,"78,469"
21/08/2024,23,"-68,974"
21/08/2024,24,"3,276"
22/08/2024,13,"1,154"
22/08/2024,14,"1,809"
22/08/2024,15,"9,454"
22/08/2024,16,"20,688"
22/08/2024,17,"-6,682"
22/08/2024,18,"-8,107"
22/08/2024,19,"-7,403"
22/08/2024,20,"-5,087"
22/08/2024,21,"19,159"
22/08/2024,22,"12,324"
22/08/2024,23,"11,496"
22/08/2024,24,"9,420"
23/08/2024,13,"10,518"
23/08/2024,14,"-2,487"
23/08/2024,15,"26,047"
23/08/2024,16,"-2,201"
23/08/2024,17,"23,345"
23/08/2024,18,"15,466"
23/08/2024,19,"16,682"
23/08/2024,20,"-12,851"
23/08/2024,21,"15,095"
23/08/2024,22,"25,910"
23/08/2024,23,"16,198"
23/08/2024,24,"-12,143"
24/08/2024,13,"-36,618"
24/08/2024,14,"-36,185"
24/08/2024,15,"-24,609"
24/08/2024,16,"23,745"
24/08/2024,17,"66,457"
24/08/2024,18,"-43,716"
24/08/2024,19,"7,992"
24/08/2024,20,"-22,440"
24/08/2024,21,"-22,298"
24/08/2024,22,"2,677"
24/08/2024,23,"2,318"
24/08/2024,24,"0,478"
25/08/2024,13,"43,454"
25/08/2024,14,"46,608"
25/08/2024,15,"41,098"
25/08/2024,16,"24,985"
25/08/2024,17,"60,879"
25/08/2024,18,"10,168"
25/08/2024,19,"66,849"
25/08/2024,20,"40,306"
25/08/2024,21,"2,513"
25/08/2024,22,"41,283"
25/08/2024,23,"9,236"
25/08/2024,24,"3,093"
26/08/2024,13,"0,000"
26/08/2024,14,"-38,529"
26/08/2024,15,"0,000"
26/08/2024,16,"0,000"
26/08/2024,17,"-53,350"
26/08/2024,18,"-55,426"
26/08/2024,19,"-39,525"
26/08/2024,20,"3,342"
26/08/2024,21,"8,082"
26/08/2024,22,"16,524"
26/08/2024,23,"17,738"
26/08/2024,24,"12,739"
27/08/2024,13,"-45,422"
27/08/2024,14,"-49,446"
27/08/2024,15,"-31,115"
27/08/2024,16,"-38,859"
27/08/2024,17,"-70,548"
27/08/2024,18,"-23,676"
27/08/2024,19,"-59,495"
27/08/2024,20,"-40,661"
27/08/2024,21,"3,753"
27/08/2024,22,"-10,947"
27/08/2024,23,"5,907"
27/08/2024,24,"-13,946"
28/08/2024,13,"3,577"
28/08/2024,14,"29,131"
28/08/2024,15,"50,204"
28/08/2024,16,"51,378"
28/08/2024,17,"62,202"
28/08/2024,18,"42,502"
28/08/2024,19,"55,636"
28/08/2024,20,"47,802"
28/08/2024,21,"42,865"
28/08/2024,22,"6,954"
28/08/2024,23,"-8,991"
28/08/2024,24,"0,367"
29/08/2024,13,"-25,142"
29/08/2024,14,"-29,702"
29/08/2024,15,"-39,087"
29/08/2024,16,"-34,778"
29/08/2024,17,"-21,703"
29/08/2024,18,"-19,848"
29/08/2024,19,"7,465"
29/08/2024,20,"42,224"
29/08/2024,21,"36,596"
29/08/2024,22,"11,272"
29/08/2024,23,"0,000"
29/08/2024,24,"-0,068"
30/08/2024,13,"24,725"
30/08/2024,14,"-0,720"
30/08/2024,15,"24,975"
30/08/2024,16,"72,731"
30/08/2024,17,"-6,917"
30/08/2024,18,"-29,350"
30/08/2024,19,"-36,194"
30/08/2024,20,"-30,105"
30/08/2024,21,"-1,542"
30/08/2024,22,"-3,070"
30/08/2024,23,"8,840"
30/08/2024,24,"7,903"
31/08/2024,13,"9,493"
31/08/2024,14,"4,924"
31/08/2024,15,"4,379"
31/08/2024,16,"11,767"
31/08/2024,17,"13,804"
31/08/2024,18,"13,726"
31/08/2024,19,"-27,305"
31/08/2024,20,"-3,356"
31/08/2024,21,"2,933"
31/08/2024,22,"-86,067"
31/08/2024,23,"-6,704"
31/08/2024,24,"0,485"
01/09/2024,13,"-0,315"
01/09/2024,14,"-8,195"
01/09/2024,15,"2,252"
01/09/2024,16,"-0,477"
01/09/2024,17,"19,633"
01/09/2024,18,"3,187"
01/09/2024,19,"2,673"
01/09/2024,20,"2,551"
01/09/2024,21,"3,340"
01/09/2024,22,"0,000"
01/09/2024,23,"0,023"
01/09/2024,24,"3,970"
02/09/2024,13,"-21,805"
02/09/2024,14,"-13,221"
02/09/2024,15,"10,077"
02/09/2024,16,"-5,733"
02/09/2024,17,"0,000"
02/09/2024,18,"0,447"
02/09/2024,19,"4,818"
02/09/2024,20,"-25,579"
02/09/2024,21,"-0,466"
02/09/2024,22,"2,741"
02/09/2024,23,"-3,121"
02/09/2024,24,"24,875"
03/09/2024,13,"10,836"
03/09/2024,14,"9,232"
03/09/2024,15,"35,030"
03/09/2024,16,"-0,651"
03/09/2024,17,"-11,621"
03/09/2024,18,"-31,809"
03/09/2024,19,"-28,459"
03/09/2024,20,"-70,432"
03/09/2024,21,"-27,868"
03/09/2024,22,"5,866"
03/09/2024,23,"6,289"
03/09/2024,24,"11,069"
04/09/2024,13,"-2,584"
04/09/2024,14,"4,054"
04/09/2024,15,"-1,737"
04/09/2024,16,"15,793"
04/09/2024,17,"-8,542"
04/09/2024,18,"-37,516"
04/09/2024,19,"12,700"
04/09/2024,20,"25,690"
04/09/2024,21,"0,042"
04/09/2024,22,"5,045"
04/09/2024,23,"15,578"
04/09/2024,24,"7,743"
05/09/2024,13,"0,000"
05/09/2024,14,"0,000"
05/09/2024,15,"0,000"
05/09/2024,16,"0,000"
05/09/2024,17,"-21,094"
05/09/2024,18,"-34,025"
05/09/2024,19,"-17,420"
05/09/2024,20,"-24,942"
05/09/2024,21,"-17,564"
05/09/2024,22,"-4,309"
05/09/2024,23,"10,136"
05/09/2024,24,"-2,983"
06/09/2024,13,"-35,913"
06/09/2024,14,"-27,680"
06/09/2024,15,"-22,707"
06/09/2024,16,"16,075"
06/09/2024,17,"31,151"
06/09/2024,18,"41,321"
06/09/2024,19,"21,076"
06/09/2024,20,"0,870"
06/09/2024,21,"-9,746"
06/09/2024,22,"5,329"
06/09/2024,23,"-3,246"
06/09/2024,24,"10,244"
07/09/2024,13,"-12,741"
07/09/2024,14,"-17,230"
07/09/2024,15,"-21,213"
07/09/2024,16,"7,600"
07/09/2024,17,"-22,452"
07/09/2024,18,"-10,115"
07/09/2024,19,"-12,130"
07/09/2024,20,"-34,918"
07/09/2024,21,"-33,237"
07/09/2024,22,"-4,733"
07/09/2024,23,"49,479"
07/09/2024,24,"11,192"
08/09/2024,13,"-6,054"
08/09/2024,14,"14,654"
08/09/2024,15,"-4,468"
08/09/2024,16,"-4,067"
08/09/2024,17,"-21,355"
08/09/2024,18,"-39,850"
08/09/2024,19,"-32,593"
08/09/2024,20,"-31,463"
08/09/2024,21,"-11,192"
08/09/2024,22,"15,652"
08/09/2024,23,"31,887"
08/09/2024,24,"28,209"
09/09/2024,13,"0,000"
09/09/2024,14,"0,000"
09/09/2024,15,"0,000"
09/09/2024,16,"0,000"
09/09/2024,17,"0,000"
09/09/2024,18,"4,697"
09/09/2024,19,"-1,644"
09/09/2024,20,"-2,373"
09/09/2024,21,"35,051"
09/09/2024,22,"-6,227"
09/09/2024,23,"-12,344"
09/09/2024,24,"-12,624"
10/09/2024,13,"-14,977"
10/09/2024,14,"20,797"
10/09/2024,15,"0,000"
10/09/2024,16,"0,000"
10/09/2024,17,"20,880"
10/09/2024,18,"20,081"
10/09/2024,19,"-21,041"
10/09/2024,20,"12,775"
10/09/2024,21,"17,997"
10/09/2024,22,"-10,769"
10/09/2024,23,"-0,832"
10/09/2024,24,"5,844"
11/09/2024,13,"0,000"
11/09/2024,14,"0,000"
11/09/2024,15,"0,000"
11/09/2024,16,"0,000"
11/09/2024,17,"0,000"
11/09/2024,18,"62,433"
11/09/2024,19,"56,760"
11/09/2024,20,"26,136"
11/09/2024,21,"43,552"
11/09/2024,22,"38,648"
11/09/2024,23,"46,225"
11/09/2024,24,"31,200"
12/09/2024,13,"42,547"
12/09/2024,14,"29,430"
12/09/2024,15,"2,482"
12/09/2024,16,"-25,320"
12/09/2024,17,"-43,541"
12/09/2024,18,"-50,299"
12/09/2024,19,"-57,626"
12/09/2024,20,"-44,491"
12/09/2024,21,"-36,784"
12/09/2024,22,"-36,045"
12/09/2024,23,"-19,871"
12/09/2024,24,"-23,574"
13/09/2024,13,"0,000"
13/09/2024,14,"0,000"
13/09/2024,15,"0,000"
13/09/2024,16,"0,000"
13/09/2024,17,"0,000"
13/09/2024,18,"26,023"
13/09/2024,19,"30,409"
13/09/2024,20,"36,777"
13/09/2024,21,"39,960"
13/09/2024,22,"3,205"
13/09/2024,23,"-5,857"
13/09/2024,24,"-4,336"
14/09/2024,13,"23,950"
14/09/2024,14,"22,733"
14/09/2024,15,"31,259"
14/09/2024,16,"39,317"
14/09/2024,17,"8,788"
14/09/2024,18,"15,270"
14/09/2024,19,"5,647"
14/09/2024,20,"-15,823"
14/09/2024,21,"6,610"
14/09/2024,22,"4,518"
14/09/2024,23,"-1,543"
14/09/2024,24,"-4,176"
15/09/2024,13,"154,917"
15/09/2024,14,"150,675"
15/09/2024,15,"90,189"
15/09/2024,16,"1,763"
15/09/2024,17,"6,287"
15/09/2024,18,"5,137"
15/09/2024,19,"-17,254"
15/09/2024,20,"22,037"
15/09/2024,21,"7,962"
15/09/2024,22,"19,513"
15/09/2024,23,"6,707"
15/09/2024,24,"21,175"
16/09/2024,13,"48,670"
16/09/2024,14,"36,382"
16/09/2024,15,"22,448"
16/09/2024,16,"17,956"
16/09/2024,17,"18,548"
16/09/2024,18,"17,065"
16/09/2024,19,"5,792"
16/09/2024,20,"3,806"
16/09/2024,21,"14,013"
16/09/2024,22,"-0,487"
16/09/2024,23,"35,931"
16/09/2024,24,"0,179"
17/09/2024,13,"-18,427"
17/09/2024,14,"-35,635"
17/09/2024,15,"2,842"
17/09/2024,16,"-40,430"
17/09/2024,17,"-13,204"
17/09/2024,18,"4,242"
17/09/2024,19,"-3,719"
17/09/2024,20,"27,049"
17/09/2024,21,"-7,023"
17/09/2024,22,"-3,432"
17/09/2024,23,"-4,354"
17/09/2024,24,"-4,202"
18/09/2024,13,"7,357"
18/09/2024,14,"17,821"
18/09/2024,15,"12,907"
18/09/2024,16,"14,139"
18/09/2024,17,"46,942"
18/09/2024,18,"13,451"
18/09/2024,19,"2,596"
18/09/2024,20,"2,753"
18/09/2024,21,"-0,367"
18/09/2024,22,"1,234"
18/09/2024,23,"1,464"
18/09/2024,24,"-6,387"
19/09/2024,13,"0,000"
19/09/2024,14,"0,000"
19/09/2024,15,"0,000"
19/09/2024,16,"0,000"
19/09/2024,17,"-25,385"
19/09/2024,18,"-30,353"
19/09/2024,19,"-32,513"
19/09/2024,20,"-32,948"
19/09/2024,21,"-8,831"
19/09/2024,22,"5,700"
19/09/2024,23,"16,963"
19/09/2024,24,"16,866"
20/09/2024,13,"48,291"
20/09/2024,14,"0,000"
20/09/2024,15,"0,000"
20/09/2024,16,"24,720"
20/09/2024,17,"13,526"
20/09/2024,18,"4,103"
20/09/2024,19,"7,515"
20/09/2024,20,"7,468"
20/09/2024,21,"-1,374"
20/09/2024,22,"-4,256"
20/09/2024,23,"-4,585"
20/09/2024,24,"4,006"
21/09/2024,13,"0,000"
21/09/2024,14,"0,000"
21/09/2024,15,"0,000"
21/09/2024,16,"0,000"
21/09/2024,17,"7,366"
21/09/2024,18,"30,698"
21/09/2024,19,"-12,774"
21/09/2024,20,"-40,030"
21/09/2024,21,"-10,344"
21/09/2024,22,"-8,755"
21/09/2024,23,"0,108"
21/09/2024,24,"-3,669"
22/09/2024,13,"-50,603"
22/09/2024,14,"-56,101"
22/09/2024,15,"-59,905"
22/09/2024,16,"-42,966"
22/09/2024,17,"-42,602"
22/09/2024,18,"-32,736"
22/09/2024,19,"-34,922"
22/09/2024,20,"9,854"
22/09/2024,21,"7,513"
22/09/2024,22,"-0,916"
22/09/2024,23,"0,496"
22/09/2024,24,"1,209"
23/09/2024,13,"20,421"
23/09/2024,14,"0,000"
23/09/2024,15,"0,000"
23/09/2024,16,"0,000"
23/09/2024,17,"49,433"
23/09/2024,18,"5,551"
23/09/2024,19,"-2,750"
23/09/2024,20,"-7,269"
23/09/2024,21,"-12,729"
23/09/2024,22,"-17,653"
23/09/2024,23,"-1,461"
23/09/2024,24,"-7,850"
24/09/2024,13,"35,703"
24/09/2024,14,"27,839"
24/09/2024,15,"25,637"
24/09/2024,16,"19,429"
24/09/2024,17,"9,815"
24/09/2024,18,"5,622"
24/09/2024,19,"4,082"
24/09/2024,20,"30,968"
24/09/2024,21,"23,330"
24/09/2024,22,"12,929"
24/09/2024,23,"2,614"
24/09/2024,24,"-10,448"
25/09/2024,13,"22,968"
25/09/2024,14,"0,000"
25/09/2024,15,"0,000"
25/09/2024,16,"0,000"
25/09/2024,17,"26,638"
25/09/2024,18,"28,325"
25/09/2024,19,"2,016"
25/09/2024,20,"-27,046"
25/09/2024,21,"-3,608"
25/09/2024,22,"5,797"
25/09/2024,23,"-0,300"
25/09/2024,24,"0,120"
26/09/2024,13,"-10,321"
26/09/2024,14,"38,192"
26/09/2024,15,"0,000"
26/09/2024,16,"0,000"
26/09/2024,17,"-10,486"
26/09/2024,18,"-1,567"
26/09/2024,19,"0,083"
26/09/2024,20,"-13,113"
26/09/2024,21,"-40,469"
26/09/2024,22,"-12,202"
26/09/2024,23,"-12,179"
26/09/2024,24,"-13,243"
27/09/2024,13,"4,348"
27/09/2024,14,"10,218"
27/09/2024,15,"0,000"
27/09/2024,16,"0,065"
27/09/2024,17,"4,699"
27/09/2024,18,"-1,402"
27/09/2024,19,"-29,089"
27/09/2024,20,"-21,997"
27/09/2024,21,"7,977"
27/09/2024,22,"6,689"
27/09/2024,23,"8,778"
27/09/2024,24,"3,519"
28/09/2024,13,"0,000"
28/09/2024,14,"0,000"
28/09/2024,15,"0,000"
28/09/2024,16,"0,000"
28/09/2024,17,"0,000"
28/09/2024,18,"0,000"
28/09/2024,19,"5,562"
28/09/2024,20,"11,626"
28/09/2024,21,"6,389"
28/09/2024,22,"9,423"
28/09/2024,23,"15,360"
28/09/2024,24,"-0,755"
29/09/2024,13,"0,000"
29/09/2024,14,"0,000"
29/09/2024,15,"0,000"
29/09/2024,16,"0,000"
29/09/2024,17,"0,000"
29/09/2024,18,"-65,581"
29/09/2024,19,"-56,144"
29/09/2024,20,"-23,518"
29/09/2024,21,"-90,296"
29/09/2024,22,"-17,996"
29/09/2024,23,"-10,332"
29/09/2024,24,"-16,222"
30/09/2024,13,"0,000"
30/09/2024,14,"0,000"
30/09/2024,15,"0,000"
30/09/2024,16,"0,000"
30/09/2024,17,"-6,641"
30/09/2024,18,"-8,786"
30/09/2024,19,"-8,126"
30/09/2024,20,"-42,968"
30/09/2024,21,"1,935"
30/09/2024,22,"1,783"
30/09/2024,23,"7,200"
30/09/2024,24,"8,644"
01/10/2024,13,"26,904"
01/10/2024,14,"0,000"
01/10/2024,15,"0,000"
01/10/2024,16,"0,000"
01/10/2024,17,"37,842"
01/10/2024,18,"0,966"
01/10/2024,19,"-6,558"
01/10/2024,20,"63,233"
01/10/2024,21,"5,558"
01/10/2024,22,"3,378"
01/10/2024,23,"2,397"
01/10/2024,24,"3,380"
02/10/2024,13,"2,241"
02/10/2024,14,"15,354"
02/10/2024,15,"0,000"
02/10/2024,16,"34,537"
02/10/2024,17,"20,365"
02/10/2024,18,"18,906"
02/10/2024,19,"43,633"
02/10/2024,20,"6,535"
02/10/2024,21,"-2,134"
02/10/2024,22,"6,865"
02/10/2024,23,"7,114"
02/10/2024,24,"2,368"
03/10/2024,13,"52,271"
03/10/2024,14,"43,859"
03/10/2024,15,"2,262"
03/10/2024,16,"0,000"
03/10/2024,17,"0,391"
03/10/2024,18,"6,785"
03/10/2024,19,"-23,227"
03/10/2024,20,"2,251"
03/10/2024,21,"-29,022"
03/10/2024,22,"-14,063"
03/10/2024,23,"-36,873"
03/10/2024,24,"-33,423"
04/10/2024,13,"0,000"
04/10/2024,14,"0,000"
04/10/2024,15,"0,000"
04/10/2024,16,"0,000"
04/10/2024,17,"0,000"
04/10/2024,18,"0,000"
04/10/2024,19,"-17,884"
04/10/2024,20,"-19,285"
04/10/2024,21,"-22,305"
04/10/2024,22,"-7,966"
04/10/2024,23,"-3,867"
04/10/2024,24,"-11,500"
05/10/2024,13,"0,000"
05/10/2024,14,"0,000"
05/10/2024,15,"0,000"
05/10/2024,16,"0,000"
05/10/2024,17,"0,000"
05/10/2024,18,"16,921"
05/10/2024,19,"15,066"
05/10/2024,20,"9,593"
05/10/2024,21,"3,425"
05/10/2024,22,"-4,462"
05/10/2024,23,"-1,928"
05/10/2024,24,"4,095"
06/10/2024,13,"21,341"
06/10/2024,14,"0,402"
06/10/2024,15,"-0,024"
06/10/2024,16,"24,944"
06/10/2024,17,"36,320"
06/10/2024,18,"40,746"
06/10/2024,19,"4,666"
06/10/2024,20,"-22,551"
06/10/2024,21,"9,182"
06/10/2024,22,"9,776"
06/10/2024,23,"12,798"
06/10/2024,24,"13,268"
07/10/2024,13,"-27,531"
07/10/2024,14,"-10,019"
07/10/2024,15,"-15,737"
07/10/2024,16,"-37,090"
07/10/2024,17,"-33,745"
07/10/2024,18,"-34,309"
07/10/2024,19,"-45,013"
07/10/2024,20,"-121,521"
07/10/2024,21,"53,278"
07/10/2024,22,"-13,715"
07/10/2024,23,"-2,480"
07/10/2024,24,"-6,056"
08/10/2024,13,"161,623"
08/10/2024,14,"144,379"
08/10/2024,15,"157,506"
08/10/2024,16,"171,655"
08/10/2024,17,"123,693"
08/10/2024,18,"18,304"
08/10/2024,19,"93,067"
08/10/2024,20,"4,998"
08/10/2024,21,"88,688"
08/10/2024,22,"96,773"
08/10/2024,23,"67,204"
08/10/2024,24,"70,626"
09/10/2024,13,"0,000"
09/10/2024,14,"0,000"
09/10/2024,15,"0,000"
09/10/2024,16,"-4,004"
09/10/2024,17,"-6,191"
09/10/2024,18,"3,708"
09/10/2024,19,"-161,839"
09/10/2024,20,"-9,574"
09/10/2024,21,"5,181"
09/10/2024,22,"5,013"
09/10/2024,23,"-5,138"
09/10/2024,24,"-17,792"
10/10/2024,13,"0,000"
10/10/2024,14,"0,000"
10/10/2024,15,"0,000"
10/10/2024,16,"0,000"
10/10/2024,17,"0,000"
10/10/2024,18,"9,335"
10/10/2024,19,"53,333"
10/10/2024,20,"91,862"
10/10/2024,21,"20,024"
10/10/2024,22,"14,133"
10/10/2024,23,"7,961"
10/10/2024,24,"0,679"
11/10/2024,13,"0,000"
11/10/2024,14,"0,000"
11/10/2024,15,"0,000"
11/10/2024,16,"0,000"
11/10/2024,17,"20,067"
11/10/2024,18,"40,829"
11/10/2024,19,"33,817"
11/10/2024,20,"-29,546"
11/10/2024,21,"-2,274"
11/10/2024,22,"-8,132"
11/10/2024,23,"-33,496"
11/10/2024,24,"-19,415"
12/10/2024,13,"14,326"
12/10/2024,14,"0,000"
12/10/2024,15,"-10,231"
12/10/2024,16,"6,369"
12/10/2024,17,"-3,789"
12/10/2024,18,"6,230"
12/10/2024,19,"17,354"
12/10/2024,20,"-2,845"
12/10/2024,21,"38,514"
12/10/2024,22,"20,230"
12/10/2024,23,"42,697"
12/10/2024,24,"6,413"
13/10/2024,13,"0,697"
13/10/2024,14,"-22,125"
13/10/2024,15,"-20,798"
13/10/2024,16,"-0,036"
13/10/2024,17,"-27,554"
13/10/2024,18,"-29,287"
13/10/2024,19,"0,182"
13/10/2024,20,"3,692"
13/10/2024,21,"-12,002"
13/10/2024,22,"5,474"
13/10/2024,23,"2,103"
13/10/2024,24,"4,572"
14/10/2024,13,"54,578"
14/10/2024,14,"37,278"
14/10/2024,15,"25,099"
14/10/2024,16,"8,738"
14/10/2024,17,"50,096"
14/10/2024,18,"39,326"
14/10/2024,19,"14,927"
14/10/2024,20,"-4,950"
14/10/2024,21,"2,002"
14/10/2024,22,"-3,140"
14/10/2024,23,"3,746"
14/10/2024,24,"10,991"
15/10/2024,13,"-0,052"
15/10/2024,14,"30,744"
15/10/2024,15,"8,559"
15/10/2024,16,"12,134"
15/10/2024,17,"21,764"
15/10/2024,18,"29,834"
15/10/2024,19,"24,046"
15/10/2024,20,"-15,017"
15/10/2024,21,"26,388"
15/10/2024,22,"27,913"
15/10/2024,23,"12,138"
15/10/2024,24,"13,874"
16/10/2024,13,"49,955"
16/10/2024,14,"38,374"
16/10/2024,15,"37,273"
16/10/2024,16,"27,995"
16/10/2024,17,"30,638"
16/10/2024,18,"31,624"
16/10/2024,19,"-25,275"
16/10/2024,20,"-12,288"
16/10/2024,21,"-34,125"
16/10/2024,22,"-33,139"
16/10/2024,23,"-28,310"
16/10/2024,24,"-28,242"
17/10/2024,13,"-23,420"
17/10/2024,14,"-30,344"
17/10/2024,15,"-23,289"
17/10/2024,16,"-16,603"
17/10/2024,17,"-21,957"
17/10/2024,18,"-19,728"
17/10/2024,19,"15,755"
17/10/2024,20,"20,299"
17/10/2024,21,"109,996"
17/10/2024,22,"123,602"
17/10/2024,23,"135,293"
17/10/2024,24,"108,198"
18/10/2024,13,"32,228"
18/10/2024,14,"38,240"
18/10/2024,15,"29,068"
18/10/2024,16,"29,349"
18/10/2024,17,"18,143"
18/10/2024,18,"12,525"
18/10/2024,19,"6,966"
18/10/2024,20,"-0,076"
18/10/2024,21,"8,031"
18/10/2024,22,"14,520"
18/10/2024,23,"19,326"
18/10/2024,24,"11,108"
19/10/2024,13,"-38,194"
19/10/2024,14,"0,000"
19/10/2024,15,"0,000"
19/10/2024,16,"-47,353"
19/10/2024,17,"-154,957"
19/10/2024,18,"-175,463"
19/10/2024,19,"-150,325"
19/10/2024,20,"-155,251"
19/10/2024,21,"-216,138"
19/10/2024,22,"-224,162"
19/10/2024,23,"-214,981"
19/10/2024,24,"-223,261"
20/10/2024,13,"28,618"
20/10/2024,14,"2,669"
20/10/2024,15,"8,052"
20/10/2024,16,"73,221"
20/10/2024,17,"15,188"
20/10/2024,18,"66,379"
20/10/2024,19,"22,544"
20/10/2024,20,"22,291"
20/10/2024,21,"144,947"
20/10/2024,22,"27,354"
20/10/2024,23,"28,368"
20/10/2024,24,"100,636"
21/10/2024,13,"18,249"
21/10/2024,14,"7,796"
21/10/2024,15,"12,529"
21/10/2024,16,"-19,948"
21/10/2024,17,"5,341"
21/10/2024,18,"41,821"
21/10/2024,19,"-12,791"
21/10/2024,20,"-3,551"
21/10/2024,21,"-0,646"
21/10/2024,22,"-0,208"
21/10/2024,23,"0,785"
21/10/2024,24,"5,458"
22/10/2024,13,"27,133"
22/10/2024,14,"4,747"
22/10/2024,15,"13,720"
22/10/2024,16,"-15,795"
22/10/2024,17,"-15,959"
22/10/2024,18,"-67,217"
22/10/2024,19,"-31,792"
22/10/2024,20,"3,704"
22/10/2024,21,"4,008"
22/10/2024,22,"10,322"
22/10/2024,23,"15,988"
22/10/2024,24,"18,138"
23/10/2024,13,"11,519"
23/10/2024,14,"14,304"
23/10/2024,15,"8,119"
23/10/2024,16,"41,031"
23/10/2024,17,"32,752"
23/10/2024,18,"43,704"
23/10/2024,19,"17,671"
23/10/2024,20,"13,735"
23/10/2024,21,"16,706"
23/10/2024,22,"15,891"
23/10/2024,23,"9,242"
23/10/2024,24,"0,428"
24/10/2024,13,"50,032"
24/10/2024,14,"50,231"
24/10/2024,15,"43,349"
24/10/2024,16,"45,542"
24/10/2024,17,"37,954"
24/10/2024,18,"26,424"
24/10/2024,19,"-51,349"
24/10/2024,20,"-62,011"
24/10/2024,21,"-1,122"
24/10/2024,22,"-3,662"
24/10/2024,23,"0,045"
24/10/2024,24,"-2,203"
25/10/2024,13,"35,418"
25/10/2024,14,"3,709"
25/10/2024,15,"3,794"
25/10/2024,16,"13,983"
25/10/2024,17,"17,932"
25/10/2024,18,"23,469"
25/10/2024,19,"-9,544"
25/10/2024,20,"-4,911"
25/10/2024,21,"-0,331"
25/10/2024,22,"3,284"
25/10/2024,23,"-11,580"
25/10/2024,24,"-14,881"
26/10/2024,13,"2,729"
26/10/2024,14,"6,897"
26/10/2024,15,"12,609"
26/10/2024,16,"12,268"
26/10/2024,17,"9,861"
26/10/2024,18,"-5,020"
26/10/2024,19,"-46,896"
26/10/2024,20,"-10,448"
26/10/2024,21,"-7,891"
26/10/2024,22,"10,791"
26/10/2024,23,"9,600"
26/10/2024,24,"24,921"
27/10/2024,14,"-4,746"
27/10/2024,15,"2,686"
27/10/2024,16,"-16,925"
27/10/2024,17,"-3,719"
27/10/2024,18,"40,441"
27/10/2024,19,"104,277"
27/10/2024,20,"129,058"
27/10/2024,21,"-9,740"
27/10/2024,22,"104,907"
27/10/2024,23,"110,312"
27/10/2024,24,"92,616"
27/10/2024,25,"24,549"
28/10/2024,13,"18,957"
28/10/2024,14,"0,291"
28/10/2024,15,"11,601"
28/10/2024,16,"20,500"
28/10/2024,17,"4,875"
28/10/2024,18,"10,283"
28/10/2024,19,"-20,277"
28/10/2024,20,"-7,121"
28/10/2024,21,"8,883"
28/10/2024,22,"-7,725"
28/10/2024,23,"-11,931"
28/10/2024,24,"-2,664"
29/10/2024,13,"95,205"
29/10/2024,14,"102,060"
29/10/2024,15,"102,684"
29/10/2024,16,"73,958"
29/10/2024,17,"52,281"
29/10/2024,18,"51,773"
29/10/2024,19,"84,583"
29/10/2024,20,"84,168"
29/10/2024,21,"86,464"
29/10/2024,22,"83,388"
29/10/2024,23,"91,877"
29/10/2024,24,"78,206"
30/10/2024,13,"55,362"
30/10/2024,14,"60,506"
30/10/2024,15,"86,785"
30/10/2024,16,"110,622"
30/10/2024,17,"59,121"
30/10/2024,18,"11,378"
30/10/2024,19,"64,940"
30/10/2024,20,"76,064"
30/10/2024,21,"78,257"
30/10/2024,22,"90,122"
30/10/2024,23,"84,942"
30/10/2024,24,"82,008"
31/10/2024,13,"-24,586"
31/10/2024,14,"11,990"
31/10/2024,15,"26,893"
31/10/2024,16,"14,733"
31/10/2024,17,"32,207"
31/10/2024,18,"33,895"
31/10/2024,19,"82,461"
31/10/2024,20,"72,980"
31/10/2024,21,"67,520"
31/10/2024,22,"85,048"
31/10/2024,23,"67,420"
31/10/2024,24,"74,182"
01/11/2024,13,"-56,526"
01/11/2024,14,"20,832"
01/11/2024,15,"-40,973"
01/11/2024,16,"-96,697"
01/11/2024,17,"-187,530"
01/11/2024,18,"-169,868"
01/11/2024,19,"-170,402"
01/11/2024,20,"-184,196"
01/11/2024,21,"-208,050"
01/11/2024,22,"-209,853"
01/11/2024,23,"-215,318"
01/11/2024,24,"-219,595"
02/11/2024,13,"34,924"
02/11/2024,14,"1,013"
02/11/2024,15,"-0,311"
02/11/2024,16,"15,572"
02/11/2024,17,"16,262"
02/11/2024,18,"-3,288"
02/11/2024,19,"-7,334"
02/11/2024,20,"-10,527"
02/11/2024,21,"-3,738"
02/11/2024,22,"2,709"
02/11/2024,23,"-2,511"
02/11/2024,24,"-0,966"
03/11/2024,13,"9,761"
03/11/2024,14,"32,071"
03/11/2024,15,"2,180"
03/11/2024,16,"8,736"
03/11/2024,17,"9,932"
03/11/2024,18,"10,741"
03/11/2024,19,"14,050"
03/11/2024,20,"9,070"
03/11/2024,21,"11,331"
03/11/2024,22,"10,015"
03/11/2024,23,"7,301"
03/11/2024,24,"9,194"
04/11/2024,13,"63,329"
04/11/2024,14,"65,299"
04/11/2024,15,"48,325"
04/11/2024,16,"19,188"
04/11/2024,17,"11,890"
04/11/2024,18,"4,329"
04/11/2024,19,"4,501"
04/11/2024,20,"4,799"
04/11/2024,21,"-1,961"
04/11/2024,22,"9,154"
04/11/2024,23,"11,675"
04/11/2024,24,"10,717"
05/11/2024,13,"-38,217"
05/11/2024,14,"-37,135"
05/11/2024,15,"3,213"
05/11/2024,16,"1,963"
05/11/2024,17,"-4,205"
05/11/2024,18,"2,351"
05/11/2024,19,"10,549"
05/11/2024,20,"9,697"
05/11/2024,21,"5,840"
05/11/2024,22,"18,144"
05/11/2024,23,"3,953"
05/11/2024,24,"10,375"
06/11/2024,13,"-22,939"
06/11/2024,14,"-43,002"
06/11/2024,15,"4,079"
06/11/2024,16,"5,094"
06/11/2024,17,"56,508"
06/11/2024,18,"11,372"
06/11/2024,19,"9,891"
06/11/2024,20,"20,161"
06/11/2024,21,"12,119"
06/11/2024,22,"27,784"
06/11/2024,23,"14,209"
06/11/2024,24,"16,122"
07/11/2024,13,"-19,660"
07/11/2024,14,"-24,642"
07/11/2024,15,"0,972"
07/11/2024,16,"30,676"
07/11/2024,17,"49,572"
07/11/2024,18,"51,658"
07/11/2024,19,"10,721"
07/11/2024,20,"11,681"
07/11/2024,21,"29,694"
07/11/2024,22,"30,273"
07/11/2024,23,"26,848"
07/11/2024,24,"7,769"
08/11/2024,13,"90,374"
08/11/2024,14,"84,939"
08/11/2024,15,"78,155"
08/11/2024,16,"127,260"
08/11/2024,17,"85,084"
08/11/2024,18,"88,155"
08/11/2024,19,"131,029"
08/11/2024,20,"132,936"
08/11/2024,21,"128,413"
08/11/2024,22,"125,391"
08/11/2024,23,"118,319"
08/11/2024,24,"123,493"
09/11/2024,13,"-58,498"
09/11/2024,14,"-62,733"
09/11/2024,15,"-105,218"
09/11/2024,16,"-101,948"
09/11/2024,17,"-83,047"
09/11/2024,18,"-49,981"
09/11/2024,19,"-86,339"
09/11/2024,20,"-54,257"
09/11/2024,21,"-48,061"
09/11/2024,22,"-33,885"
09/11/2024,23,"-37,438"
09/11/2024,24,"-35,482"
10/11/2024,13,"-38,161"
10/11/2024,14,"-37,659"
10/11/2024,15,"-1,271"
10/11/2024,16,"-11,594"
10/11/2024,17,"-25,284"
10/11/2024,18,"-63,566"
10/11/2024,19,"-16,993"
10/11/2024,20,"-29,905"
10/11/2024,21,"-6,331"
10/11/2024,22,"-7,231"
10/11/2024,23,"21,724"
10/11/2024,24,"7,370"
11/11/2024,13,"-14,360"
11/11/2024,14,"-20,569"
11/11/2024,15,"30,149"
11/11/2024,16,"71,346"
11/11/2024,17,"-7,295"
11/11/2024,18,"-9,777"
11/11/2024,19,"-20,012"
11/11/2024,20,"21,398"
11/11/2024,21,"18,905"
11/11/2024,22,"17,216"
11/11/2024,23,"25,571"
11/11/2024,24,"7,673"
12/11/2024,13,"49,914"
12/11/2024,14,"44,060"
12/11/2024,15,"38,221"
12/11/2024,16,"17,619"
12/11/2024,17,"6,425"
12/11/2024,18,"6,674"
12/11/2024,19,"-4,197"
12/11/2024,20,"-11,433"
12/11/2024,21,"-7,565"
12/11/2024,22,"0,337"
12/11/2024,23,"16,947"
12/11/2024,24,"9,211"
13/11/2024,13,"-0,856"
13/11/2024,14,"-13,754"
13/11/2024,15,"-14,310"
13/11/2024,16,"-33,340"
13/11/2024,17,"6,380"
13/11/2024,18,"-28,647"
13/11/2024,19,"-31,960"
13/11/2024,20,"3,639"
13/11/2024,21,"7,703"
13/11/2024,22,"-9,360"
13/11/2024,23,"-10,240"
13/11/2024,24,"-13,635"
14/11/2024,13,"15,359"
14/11/2024,14,"10,055"
14/11/2024,15,"-34,373"
14/11/2024,16,"9,278"
14/11/2024,17,"-4,492"
14/11/2024,18,"-1,640"
14/11/2024,19,"1,839"
14/11/2024,20,"5,018"
14/11/2024,21,"-2,999"
14/11/2024,22,"6,443"
14/11/2024,23,"-2,387"
14/11/2024,24,"-11,910"
15/11/2024,13,"40,241"
15/11/2024,14,"7,155"
15/11/2024,15,"23,991"
15/11/2024,16,"30,102"
15/11/2024,17,"43,644"
15/11/2024,18,"46,605"
15/11/2024,19,"2,979"
15/11/2024,20,"3,257"
15/11/2024,21,"1,537"
15/11/2024,22,"12,606"
15/11/2024,23,"10,121"
15/11/2024,24,"13,139"
16/11/2024,13,"4,873"
16/11/2024,14,"-6,572"
16/11/2024,15,"-2,857"
16/11/2024,16,"5,587"
16/11/2024,17,"32,286"
16/11/2024,18,"59,115"
16/11/2024,19,"29,841"
16/11/2024,20,"75,292"
16/11/2024,21,"77,158"
16/11/2024,22,"25,090"
16/11/2024,23,"21,144"
16/11/2024,24,"7,537"
17/11/2024,13,"-42,804"
17/11/2024,14,"-36,023"
17/11/2024,15,"-47,485"
17/11/2024,16,"-6,963"
17/11/2024,17,"-10,853"
17/11/2024,18,"-15,441"
17/11/2024,19,"-17,860"
17/11/2024,20,"-19,849"
17/11/2024,21,"-17,914"
17/11/2024,22,"-21,958"
17/11/2024,23,"-27,685"
17/11/2024,24,"10,065"
18/11/2024,13,"-4,015"
18/11/2024,14,"-2,594"
18/11/2024,15,"-6,245"
18/11/2024,16,"-15,294"
18/11/2024,17,"-15,310"
18/11/2024,18,"-20,079"
18/11/2024,19,"9,826"
18/11/2024,20,"14,942"
18/11/2024,21,"22,079"
18/11/2024,22,"8,921"
18/11/2024,23,"6,250"
18/11/2024,24,"1,323"
19/11/2024,13,"8,313"
19/11/2024,14,"-17,240"
19/11/2024,15,"-3,742"
19/11/2024,16,"9,900"
19/11/2024,17,"-0,667"
19/11/2024,18,"-16,342"
19/11/2024,19,"-29,306"
19/11/2024,20,"-15,396"
19/11/2024,21,"-18,699"
19/11/2024,22,"10,651"
19/11/2024,23,"9,538"
19/11/2024,24,"12,260"
20/11/2024,13,"-20,917"
20/11/2024,14,"-74,681"
20/11/2024,15,"-22,361"
20/11/2024,16,"-0,566"
20/11/2024,17,"-3,289"
20/11/2024,18,"-39,164"
20/11/2024,19,"-6,663"
20/11/2024,20,"-3,386"
20/11/2024,21,"9,107"
20/11/2024,22,"27,602"
20/11/2024,23,"29,055"
20/11/2024,24,"10,029"
21/11/2024,13,"-4,422"
21/11/2024,14,"-9,215"
21/11/2024,15,"4,676"
21/11/2024,16,"-90,845"
21/11/2024,17,"-95,695"
21/11/2024,18,"-169,151"
21/11/2024,19,"-138,483"
21/11/2024,20,"-112,919"
21/11/2024,21,"-25,027"
21/11/2024,22,"-26,754"
21/11/2024,23,"4,392"
21/11/2024,24,"11,295"
22/11/2024,13,"-26,485"
22/11/2024,14,"-45,091"
22/11/2024,15,"-28,909"
22/11/2024,16,"-50,346"
22/11/2024,17,"4,292"
22/11/2024,18,"21,456"
22/11/2024,19,"16,707"
22/11/2024,20,"30,721"
22/11/2024,21,"2,087"
22/11/2024,22,"53,051"
22/11/2024,23,"27,250"
22/11/2024,24,"33,105"
23/11/2024,13,"41,150"
23/11/2024,14,"44,115"
23/11/2024,15,"-5,623"
23/11/2024,16,"-9,493"
23/11/2024,17,"39,178"
23/11/2024,18,"-9,156"
23/11/2024,19,"30,513"
23/11/2024,20,"39,884"
23/11/2024,21,"5,018"
23/11/2024,22,"-12,293"
23/11/2024,23,"-2,934"
23/11/2024,24,"-15,860"
24/11/2024,13,"0,000"
24/11/2024,14,"0,000"
24/11/2024,15,"0,000"
24/11/2024,16,"0,437"
24/11/2024,17,"0,506"
24/11/2024,18,"3,683"
24/11/2024,19,"8,682"
24/11/2024,20,"3,360"
24/11/2024,21,"17,588"
24/11/2024,22,"6,643"
24/11/2024,23,"22,820"
24/11/2024,24,"20,603"
25/11/2024,13,"-18,373"
25/11/2024,14,"10,230"
25/11/2024,15,"15,922"
25/11/2024,16,"-34,205"
25/11/2024,17,"19,351"
25/11/2024,18,"-31,268"
25/11/2024,19,"8,857"
25/11/2024,20,"1,817"
25/11/2024,21,"11,558"
25/11/2024,22,"22,007"
25/11/2024,23,"4,198"
25/11/2024,24,"3,259"
26/11/2024,13,"-6,531"
26/11/2024,14,"-7,773"
26/11/2024,15,"5,935"
26/11/2024,16,"-13,610"
26/11/2024,17,"-56,780"
26/11/2024,18,"-10,830"
26/11/2024,19,"-16,054"
26/11/2024,20,"8,394"
26/11/2024,21,"6,447"
26/11/2024,22,"0,895"
26/11/2024,23,"24,645"
26/11/2024,24,"18,154"
27/11/2024,13,"50,766"
27/11/2024,14,"37,764"
27/11/2024,15,"51,755"
27/11/2024,16,"78,716"
27/11/2024,17,"76,594"
27/11/2024,18,"109,922"
27/11/2024,19,"10,588"
27/11/2024,20,"9,639"
27/11/2024,21,"11,950"
27/11/2024,22,"11,294"
27/11/2024,23,"18,891"
27/11/2024,24,"12,337"
28/11/2024,13,"39,899"
28/11/2024,14,"37,778"
28/11/2024,15,"-8,201"
28/11/2024,16,"37,656"
28/11/2024,17,"28,450"
28/11/2024,18,"-18,443"
28/11/2024,19,"-14,610"
28/11/2024,20,"6,131"
28/11/2024,21,"-4,154"
28/11/2024,22,"-13,697"
28/11/2024,23,"-17,514"
28/11/2024,24,"-9,628"
29/11/2024,13,"63,512"
29/11/2024,14,"64,791"
29/11/2024,15,"67,982"
29/11/2024,16,"68,918"
29/11/2024,17,"68,506"
29/11/2024,18,"23,974"
29/11/2024,19,"17,208"
29/11/2024,20,"21,516"
29/11/2024,21,"36,040"
29/11/2024,22,"8,738"
29/11/2024,23,"15,251"
29/11/2024,24,"11,414"
30/11/2024,13,"-43,469"
30/11/2024,14,"-38,325"
30/11/2024,15,"-36,898"
30/11/2024,16,"-66,392"
30/11/2024,17,"-106,919"
30/11/2024,18,"-44,361"
30/11/2024,19,"-73,510"
30/11/2024,20,"-64,935"
30/11/2024,21,"-8,288"
30/11/2024,22,"-14,839"
30/11/2024,23,"-2,342"
30/11/2024,24,"-2,636"
01/12/2024,13,"12,055"
01/12/2024,14,"9,171"
01/12/2024,15,"-22,908"
01/12/2024,16,"-45,956"
01/12/2024,17,"-37,488"
01/12/2024,18,"-22,528"
01/12/2024,19,"-11,692"
01/12/2024,20,"-21,096"
01/12/2024,21,"20,233"
01/12/2024,22,"-14,486"
01/12/2024,23,"-8,591"
01/12/2024,24,"-7,588"
02/12/2024,13,"40,158"
02/12/2024,14,"39,964"
02/12/2024,15,"30,659"
02/12/2024,16,"-39,030"
02/12/2024,17,"4,410"
02/12/2024,18,"-19,286"
02/12/2024,19,"-5,569"
02/12/2024,20,"11,454"
02/12/2024,21,"4,511"
02/12/2024,22,"26,449"
02/12/2024,23,"26,277"
02/12/2024,24,"17,599"
03/12/2024,13,"0,000"
03/12/2024,14,"0,000"
03/12/2024,15,"0,000"
03/12/2024,16,"22,351"
03/12/2024,17,"18,469"
03/12/2024,18,"-21,694"
03/12/2024,19,"15,004"
03/12/2024,20,"16,456"
03/12/2024,21,"32,579"
03/12/2024,22,"27,270"
03/12/2024,23,"41,091"
03/12/2024,24,"64,263"
04/12/2024,13,"-31,273"
04/12/2024,14,"6,939"
04/12/2024,15,"67,134"
04/12/2024,16,"28,647"
04/12/2024,17,"37,507"
04/12/2024,18,"64,211"
04/12/2024,19,"-6,746"
04/12/2024,20,"-15,818"
04/12/2024,21,"-25,804"
04/12/2024,22,"-11,334"
04/12/2024,23,"11,587"
04/12/2024,24,"22,809"
05/12/2024,13,"20,454"
05/12/2024,14,"9,328"
05/12/2024,15,"45,890"
05/12/2024,16,"22,913"
05/12/2024,17,"13,960"
05/12/2024,18,"4,576"
05/12/2024,19,"0,841"
05/12/2024,20,"-3,459"
05/12/2024,21,"18,251"
05/12/2024,22,"-5,296"
05/12/2024,23,"-0,481"
05/12/2024,24,"-19,874"
06/12/2024,13,"-30,909"
06/12/2024,14,"-10,999"
06/12/2024,15,"-1,997"
06/12/2024,16,"9,652"
06/12/2024,17,"14,218"
06/12/2024,18,"16,725"
06/12/2024,19,"0,475"
06/12/2024,20,"10,618"
06/12/2024,21,"23,005"
06/12/2024,22,"26,461"
06/12/2024,23,"5,719"
06/12/2024,24,"12,183"
07/12/2024,13,"77,954"
07/12/2024,14,"90,179"
07/12/2024,15,"97,427"
07/12/2024,16,"83,908"
07/12/2024,17,"32,404"
07/12/2024,18,"11,052"
07/12/2024,19,"11,276"
07/12/2024,20,"21,876"
07/12/2024,21,"-0,476"
07/12/2024,22,"4,517"
07/12/2024,23,"-4,657"
07/12/2024,24,"8,534"
08/12/2024,13,"11,076"
08/12/2024,14,"0,000"
08/12/2024,15,"14,486"
08/12/2024,16,"11,798"
08/12/2024,17,"40,662"
08/12/2024,18,"-1,001"
08/12/2024,19,"-7,290"
08/12/2024,20,"-9,253"
08/12/2024,21,"-11,514"
08/12/2024,22,"3,707"
08/12/2024,23,"7,818"
08/12/2024,24,"-3,737"
09/12/2024,13,"-14,809"
09/12/2024,14,"-18,530"
09/12/2024,15,"-12,498"
09/12/2024,16,"-29,416"
09/12/2024,17,"-36,359"
09/12/2024,18,"-36,031"
09/12/2024,19,"-15,201"
09/12/2024,20,"-14,290"
09/12/2024,21,"-16,312"
09/12/2024,22,"-17,571"
09/12/2024,23,"31,829"
09/12/2024,24,"35,397"
10/12/2024,13,"-22,168"
10/12/2024,14,"16,466"
10/12/2024,15,"-70,983"
10/12/2024,16,"-38,715"
10/12/2024,17,"-83,401"
10/12/2024,18,"-73,859"
10/12/2024,19,"-33,097"
10/12/2024,20,"-24,254"
10/12/2024,21,"-24,349"
10/12/2024,22,"-17,694"
10/12/2024,23,"-2,339"
10/12/2024,24,"-7,866"
11/12/2024,13,"5,762"
11/12/2024,14,"51,964"
11/12/2024,15,"178,699"
11/12/2024,16,"145,832"
11/12/2024,17,"20,639"
11/12/2024,18,"5,891"
11/12/2024,19,"-5,544"
11/12/2024,20,"10,195"
11/12/2024,21,"12,674"
11/12/2024,22,"-3,875"
11/12/2024,23,"-10,393"
11/12/2024,24,"14,220"
12/12/2024,13,"37,681"
12/12/2024,14,"36,368"
12/12/2024,15,"28,145"
12/12/2024,16,"3,842"
12/12/2024,17,"-22,147"
12/12/2024,18,"-28,862"
12/12/2024,19,"-41,220"
12/12/2024,20,"-29,486"
12/12/2024,21,"-34,398"
12/12/2024,22,"-26,945"
12/12/2024,23,"-8,699"
12/12/2024,24,"-6,801"
13/12/2024,13,"194,225"
13/12/2024,14,"186,299"
13/12/2024,15,"174,747"
13/12/2024,16,"134,577"
13/12/2024,17,"134,549"
13/12/2024,18,"146,110"
13/12/2024,19,"151,855"
13/12/2024,20,"180,408"
13/12/2024,21,"142,411"
13/12/2024,22,"149,281"
13/12/2024,23,"152,917"
13/12/2024,24,"152,088"
14/12/2024,13,"-11,009"
14/12/2024,14,"20,004"
14/12/2024,15,"48,817"
14/12/2024,16,"119,110"
14/12/2024,17,"39,147"
14/12/2024,18,"-45,823"
14/12/2024,19,"21,637"
14/12/2024,20,"40,272"
14/12/2024,21,"117,333"
14/12/2024,22,"114,310"
14/12/2024,23,"118,984"
14/12/2024,24,"113,435"
15/12/2024,13,"58,915"
15/12/2024,14,"59,315"
15/12/2024,15,"53,453"
15/12/2024,16,"69,343"
15/12/2024,17,"-18,118"
15/12/2024,18,"-23,299"
15/12/2024,19,"-9,169"
15/12/2024,20,"15,612"
15/12/2024,21,"17,277"
15/12/2024,22,"-13,259"
15/12/2024,23,"-3,357"
15/12/2024,24,"-5,739"
16/12/2024,13,"-4,413"
16/12/2024,14,"-5,007"
16/12/2024,15,"-2,154"
16/12/2024,16,"-0,567"
16/12/2024,17,"-14,797"
16/12/2024,18,"-6,717"
16/12/2024,19,"5,302"
16/12/2024,20,"11,867"
16/12/2024,21,"2,218"
16/12/2024,22,"10,867"
16/12/2024,23,"13,381"
16/12/2024,24,"1,102"
17/12/2024,13,"-5,225"
17/12/2024,14,"-3,471"
17/12/2024,15,"-0,436"
17/12/2024,16,"-4,895"
17/12/2024,17,"-33,994"
17/12/2024,18,"29,509"
17/12/2024,19,"1,856"
17/12/2024,20,"-0,588"
17/12/2024,21,"-20,165"
17/12/2024,22,"6,037"
17/12/2024,23,"-10,105"
17/12/2024,24,"-17,379"
18/12/2024,13,"-1,492"
18/12/2024,14,"-6,514"
18/12/2024,15,"-7,955"
18/12/2024,16,"-2,142"
18/12/2024,17,"-9,263"
18/12/2024,18,"-11,834"
18/12/2024,19,"-33,437"
18/12/2024,20,"-36,473"
18/12/2024,21,"-30,386"
18/12/2024,22,"-25,046"
18/12/2024,23,"-22,578"
18/12/2024,24,"-20,727"
19/12/2024,13,"-44,499"
19/12/2024,14,"-61,529"
19/12/2024,15,"-58,407"
19/12/2024,16,"-50,404"
19/12/2024,17,"-48,529"
19/12/2024,18,"-59,689"
19/12/2024,19,"-65,767"
19/12/2024,20,"-70,701"
19/12/2024,21,"-60,977"
19/12/2024,22,"-42,791"
19/12/2024,23,"-52,151"
19/12/2024,24,"-53,778"
20/12/2024,13,"-43,655"
20/12/2024,14,"-29,487"
20/12/2024,15,"-28,410"
20/12/2024,16,"-23,186"
20/12/2024,17,"-17,190"
20/12/2024,18,"-6,850"
20/12/2024,19,"-23,665"
20/12/2024,20,"-40,837"
20/12/2024,21,"-24,781"
20/12/2024,22,"-33,432"
20/12/2024,23,"-37,005"
20/12/2024,24,"-29,846"
21/12/2024,13,"46,090"
21/12/2024,14,"79,581"
21/12/2024,15,"58,049"
21/12/2024,16,"61,383"
21/12/2024,17,"107,313"
21/12/2024,18,"108,923"
21/12/2024,19,"77,421"
21/12/2024,20,"67,304"
21/12/2024,21,"71,166"
21/12/2024,22,"69,298"
21/12/2024,23,"64,351"
21/12/2024,24,"55,536"
22/12/2024,13,"3,696"
22/12/2024,14,"3,054"
22/12/2024,15,"33,143"
22/12/2024,16,"11,921"
22/12/2024,17,"16,690"
22/12/2024,18,"14,349"
22/12/2024,19,"11,736"
22/12/2024,20,"2,352"
22/12/2024,21,"2,218"
22/12/2024,22,"-7,268"
22/12/2024,23,"4,776"
22/12/2024,24,"13,650"
23/12/2024,13,"55,127"
23/12/2024,14,"59,269"
23/12/2024,15,"35,368"
23/12/2024,16,"31,838"
23/12/2024,17,"15,395"
23/12/2024,18,"12,563"
23/12/2024,19,"9,345"
23/12/2024,20,"2,656"
23/12/2024,21,"-11,784"
23/12/2024,22,"-9,404"
23/12/2024,23,"0,705"
23/12/2024,24,"11,895"
24/12/2024,13,"2,279"
24/12/2024,14,"9,116"
24/12/2024,15,"-15,451"
24/12/2024,16,"-10,479"
24/12/2024,17,"-7,751"
24/12/2024,18,"1,300"
24/12/2024,19,"2,777"
24/12/2024,20,"-0,484"
24/12/2024,21,"9,035"
24/12/2024,22,"14,629"
24/12/2024,23,"25,607"
24/12/2024,24,"21,527"
25/12/2024,13,"0,000"
25/12/2024,14,"0,000"
25/12/2024,15,"18,059"
25/12/2024,16,"14,086"
25/12/2024,17,"-0,511"
25/12/2024,18,"-14,160"
25/12/2024,19,"-11,855"
25/12/2024,20,"-17,632"
25/12/2024,21,"2,444"
25/12/2024,22,"-0,926"
25/12/2024,23,"-3,774"
25/12/2024,24,"-9,866"
26/12/2024,13,"-1,935"
26/12/2024,14,"-1,576"
26/12/2024,15,"7,760"
26/12/2024,16,"2,687"
26/12/2024,17,"-27,536"
26/12/2024,18,"-17,310"
26/12/2024,19,"-28,567"
26/12/2024,20,"-24,049"
26/12/2024,21,"-13,767"
26/12/2024,22,"6,206"
26/12/2024,23,"0,975"
26/12/2024,24,"0,588"
27/12/2024,13,"6,114"
27/12/2024,14,"2,217"
27/12/2024,15,"12,217"
27/12/2024,16,"4,393"
27/12/2024,17,"-3,897"
27/12/2024,18,"12,558"
27/12/2024,19,"-6,727"
27/12/2024,20,"14,062"
27/12/2024,21,"-4,851"
27/12/2024,22,"3,273"
27/12/2024,23,"5,854"
27/12/2024,24,"16,228"
28/12/2024,13,"-4,472"
28/12/2024,14,"-3,711"
28/12/2024,15,"14,706"
28/12/2024,16,"16,360"
28/12/2024,17,"14,407"
28/12/2024,18,"22,410"
28/12/2024,19,"112,316"
28/12/2024,20,"111,742"
28/12/2024,21,"72,058"
28/12/2024,22,"63,879"
28/12/2024,23,"20,893"
28/12/2024,24,"0,801"
29/12/2024,13,"9,176"
29/12/2024,14,"12,474"
29/12/2024,15,"17,362"
29/12/2024,16,"-1,150"
29/12/2024,17,"4,186"
29/12/2024,18,"3,770"
29/12/2024,19,"4,525"
29/12/2024,20,"3,977"
29/12/2024,21,"9,939"
29/12/2024,22,"3,104"
29/12/2024,23,"0,956"
29/12/2024,24,"5,938"
30/12/2024,13,"-0,293"
30/12/2024,14,"-3,062"
30/12/2024,15,"3,221"
30/12/2024,16,"56,544"
30/12/2024,17,"103,576"
30/12/2024,18,"105,705"
30/12/2024,19,"51,508"
30/12/2024,20,"50,105"
30/12/2024,21,"51,982"
30/12/2024,22,"51,077"
30/12/2024,23,"8,674"
30/12/2024,24,"7,499"
