Data,Italia,Italia (senza vincoli),Austria,Calabria,Centro Nord,Corsica AC,Corsica,Centro Sud,Francia,Grecia,Nord,Sardegna,Sicilia,Slovenia,Sud,Svizzera,Slovenia Coupling,Francia Coupling,Austria Coupling,Malta,Montenegro,Grecia Coupling,Italia  Coupling
01/01/2024,,"107,61","107,62","107,62","107,62","107,62","107,62","107,62","107,62","107,62","107,62","107,62","107,62","107,62","107,62","107,62","107,62","0,00","0,00","107,62","107,62","107,62","107,62"
02/01/2024,,"108,33","108,34","108,34","108,34","108,34","108,34","108,34","108,34","108,34","108,34","108,34","108,34","108,34","108,34","108,34","108,34","0,00","0,00","108,34","108,34","108,34","108,34"
03/01/2024,,"98,57","99,86","97,54","99,86","99,86","99,86","99,86","99,86","97,54","99,86","99,86","97,54","99,86","97,54","99,86","99,86","0,00","0,00","97,54","99,86","97,54","99,86"
04/01/2024,,"96,47","97,52","93,19","97,52","97,52","97,52","97,52","97,52","93,19","97,52","97,52","93,19","97,52","93,19","97,52","97,52","0,00","0,00","93,19","97,52","93,19","97,52"
05/01/2024,,"104,47","104,51","104,16","104,51","104,51","104,51","104,51","104,51","104,41","104,51","104,51","104,16","104,51","104,41","104,51","104,51","0,00","0,00","104,16","104,51","104,41","104,51"
06/01/2024,,"103,09","103,09","103,09","103,09","103,09","103,09","103,09","103,09","103,09","103,09","103,09","103,09","103,09","103,09","103,09","103,09","0,00","0,00","103,09","103,09","103,09","103,09"
07/01/2024,,"100,78","100,78","100,78","100,78","100,78","100,78","100,78","100,78","100,78","100,78","100,78","100,78","100,78","100,78","100,78","100,78","0,00","0,00","100,78","100,78","100,78","100,78"
08/01/2024,,"107,65","107,65","107,65","107,65","107,65","107,65","107,65","107,65","107,65","107,65","107,65","107,65","107,65","107,65","107,65","107,65","0,00","0,00","107,65","107,65","107,65","107,65"
09/01/2024,,"107,68","107,77","106,89","107,77","107,77","107,77","107,77","107,77","107,70","107,77","107,77","106,89","107,77","107,70","107,77","107,77","0,00","0,00","106,89","107,77","107,70","107,77"
10/01/2024,,"111,85","111,86","111,86","111,86","111,86","111,86","111,86","111,86","111,86","111,86","111,86","111,86","111,86","111,86","111,86","111,86","0,00","0,00","111,86","111,86","111,86","111,86"
11/01/2024,,"109,85","109,87","109,52","109,87","109,87","109,87","109,87","109,87","109,87","109,87","109,87","109,52","109,87","109,87","109,87","109,87","0,00","0,00","109,52","109,87","109,87","109,87"
12/01/2024,,"107,12","107,73","106,09","107,73","106,65","107,73","106,65","107,73","106,09","107,73","106,65","106,09","107,73","106,09","107,73","107,73","0,00","0,00","106,09","106,65","106,09","107,73"
13/01/2024,,"104,63","104,63","104,63","104,63","104,63","104,63","104,63","104,63","104,63","104,63","104,63","104,63","104,63","104,63","104,63","104,63","0,00","0,00","104,63","104,63","104,63","104,63"
14/01/2024,,"97,87","97,97","97,97","97,97","97,97","97,97","97,97","97,97","97,97","97,97","97,97","97,97","97,97","97,97","97,97","97,97","0,00","0,00","97,97","97,97","97,97","97,97"
15/01/2024,,"102,96","103,47","102,14","103,47","103,47","103,47","103,47","103,47","102,14","103,47","103,47","102,14","103,47","102,14","103,47","103,47","0,00","0,00","102,14","103,47","102,14","103,47"
16/01/2024,,"107,59","107,62","104,94","107,62","107,62","107,62","107,62","107,62","107,62","107,62","107,62","104,95","107,62","107,62","107,62","107,62","0,00","0,00","104,95","107,62","107,62","107,62"
17/01/2024,,"99,93","100,23","93,32","100,23","100,23","100,23","100,23","100,23","100,23","100,23","100,23","93,32","100,23","100,23","100,23","100,23","0,00","0,00","93,32","100,23","100,23","100,23"
18/01/2024,,"97,94","99,03","92,66","99,03","94,39","99,03","98,52","99,03","92,84","99,03","94,39","92,66","99,03","92,84","99,03","99,03","0,00","0,00","92,66","98,52","92,84","99,03"
19/01/2024,,"90,46","90,54","90,12","90,54","90,12","90,54","90,12","90,54","90,12","90,54","90,12","90,12","90,54","90,12","90,54","90,54","0,00","0,00","90,12","90,12","90,12","90,54"
20/01/2024,,"94,78","94,81","94,81","94,81","94,81","94,81","94,81","94,81","94,81","94,81","94,81","94,81","94,81","94,81","94,81","94,81","0,00","0,00","94,81","94,81","94,81","94,81"
21/01/2024,,"83,11","85,17","82,46","85,17","82,46","85,17","82,46","85,17","82,46","85,17","82,46","82,46","85,17","82,46","85,17","85,17","0,00","0,00","82,46","82,46","82,46","85,17"
22/01/2024,,"101,33","101,33","101,33","101,33","101,33","101,33","101,33","101,33","101,33","101,33","101,33","101,33","101,33","101,33","101,33","101,33","0,00","0,00","101,33","101,33","101,33","101,33"
23/01/2024,,"90,44","90,61","90,61","90,61","82,84","90,61","90,61","90,61","90,61","90,61","82,84","90,61","90,61","90,61","90,61","90,61","0,00","0,00","90,61","90,61","90,61","90,61"
24/01/2024,,"98,54","98,55","98,55","98,55","98,55","98,55","98,55","98,55","98,55","98,55","98,55","98,55","98,55","98,55","98,55","98,55","0,00","0,00","98,55","98,55","98,55","98,55"
25/01/2024,,"92,36","92,85","92,85","92,85","73,70","92,85","92,85","92,85","92,85","92,85","73,70","92,85","92,85","92,85","92,85","92,85","0,00","0,00","92,85","92,85","92,85","92,85"
26/01/2024,,"104,43","104,43","104,43","104,43","104,43","104,43","104,43","104,43","104,43","104,43","104,43","104,43","104,43","104,43","104,43","104,43","0,00","0,00","104,43","104,43","104,43","104,43"
27/01/2024,,"87,35","87,35","87,35","87,35","87,35","87,35","87,35","87,35","87,35","87,35","87,35","87,35","87,35","87,35","87,35","87,35","0,00","0,00","87,35","87,35","87,35","87,35"
28/01/2024,,"80,84","82,07","80,12","82,07","80,12","82,07","80,12","82,07","80,12","82,07","80,12","80,12","82,07","80,12","82,07","82,07","0,00","0,00","80,12","80,12","80,12","82,07"
29/01/2024,,"94,89","94,89","94,89","94,89","94,89","94,89","94,89","94,89","94,89","94,89","94,89","94,89","94,89","94,89","94,89","94,89","0,00","0,00","94,89","94,89","94,89","94,89"
30/01/2024,,"100,75","100,76","100,76","100,76","100,76","100,76","100,76","100,76","100,76","100,76","100,76","100,76","100,76","100,76","100,76","100,76","0,00","0,00","100,76","100,76","100,76","100,76"
31/01/2024,,"96,74","96,87","96,87","96,87","96,87","96,87","96,87","96,87","96,87","96,87","96,87","96,87","96,87","96,87","96,87","96,87","0,00","0,00","96,87","96,87","96,87","96,87"
01/02/2024,,"102,05","102,06","102,06","102,06","102,06","102,06","102,06","102,06","102,06","102,06","102,06","102,06","102,06","102,06","102,06","102,06","0,00","0,00","102,06","102,06","102,06","102,06"
02/02/2024,,"100,85","101,32","99,44","101,32","99,44","101,32","99,44","101,32","99,44","101,32","99,44","99,44","101,32","99,44","101,32","101,32","0,00","0,00","99,44","99,44","99,44","101,32"
03/02/2024,,"93,29","92,91","93,46","93,46","93,46","93,46","93,46","92,91","93,46","92,91","93,46","93,46","92,91","93,46","92,91","92,91","0,00","0,00","93,46","93,46","93,46","92,91"
04/02/2024,,"79,11","79,11","79,11","79,11","79,11","79,11","79,11","79,11","79,11","79,11","79,11","79,11","79,11","79,11","79,11","79,11","0,00","0,00","79,11","79,11","79,11","79,11"
05/02/2024,,"97,11","97,11","96,97","97,11","97,11","97,11","97,11","97,11","97,11","97,11","97,11","96,97","97,11","97,11","97,11","97,11","0,00","0,00","96,97","97,11","97,11","97,11"
06/02/2024,,"94,68","95,30","93,46","95,30","93,46","95,30","93,46","95,30","93,46","95,30","93,46","93,46","95,30","93,46","95,30","95,30","0,00","0,00","93,46","93,46","93,46","95,30"
07/02/2024,,"101,79","101,75","100,67","101,75","101,75","101,75","101,75","101,75","101,75","101,75","101,75","104,12","101,75","101,75","101,75","101,75","0,00","0,00","104,12","101,75","101,75","101,75"
08/02/2024,,"91,13","92,07","90,26","92,07","90,26","92,07","90,26","92,07","90,26","92,07","90,26","90,26","92,07","90,26","92,07","92,07","0,00","0,00","90,26","90,26","90,26","92,07"
09/02/2024,,"94,71","95,79","92,82","95,79","92,82","95,79","92,82","95,79","92,82","95,79","92,82","92,82","95,79","92,82","95,79","95,79","0,00","0,00","92,82","92,82","92,82","95,79"
10/02/2024,,"83,88","83,89","83,89","83,89","83,89","83,89","83,89","83,89","83,89","83,89","83,89","83,89","83,89","83,89","83,89","83,89","0,00","0,00","83,89","83,89","83,89","83,89"
11/02/2024,,"64,96","65,91","65,74","65,91","60,73","65,91","65,74","65,91","65,74","65,91","60,73","65,74","65,91","65,74","65,91","65,91","0,00","0,00","65,74","65,74","65,74","65,91"
12/02/2024,,"93,26","93,26","93,26","93,26","93,26","93,26","93,26","93,26","93,26","93,26","93,26","93,26","93,26","93,26","93,26","93,26","0,00","0,00","93,26","93,26","93,26","93,26"
13/02/2024,,"94,70","94,71","94,71","94,71","94,71","94,71","94,71","94,71","94,71","94,71","94,71","94,71","94,71","94,71","94,71","94,71","0,00","0,00","94,71","94,71","94,71","94,71"
14/02/2024,,"90,90","91,65","89,79","91,65","90,40","91,65","90,40","91,65","89,79","91,65","90,40","89,79","91,65","89,79","91,65","91,65","0,00","0,00","89,79","90,40","89,79","91,65"
15/02/2024,,"86,24","86,15","86,15","86,15","86,15","86,15","86,15","86,15","86,15","86,15","86,15","94,69","86,15","86,15","86,15","86,15","0,00","0,00","94,69","86,15","86,15","86,15"
16/02/2024,,"90,49","90,16","92,52","90,65","92,52","92,52","92,52","90,16","92,52","90,16","92,52","92,52","90,16","92,52","90,16","90,16","0,00","0,00","92,52","92,52","92,52","90,16"
17/02/2024,,"81,63","81,66","81,66","81,66","81,66","81,66","81,66","81,66","81,66","81,66","81,66","81,66","81,66","81,66","81,66","81,66","0,00","0,00","81,66","81,66","81,66","81,66"
18/02/2024,,"82,38","82,38","82,38","82,38","82,38","82,38","82,38","82,38","82,38","82,38","82,38","82,38","82,38","82,38","82,38","82,38","0,00","0,00","82,38","82,38","82,38","82,38"
19/02/2024,,"84,60","84,60","84,60","84,60","84,60","84,60","84,60","84,60","84,60","84,60","84,60","84,60","84,60","84,60","84,60","84,60","0,00","0,00","84,60","84,60","84,60","84,60"
20/02/2024,,"84,53","84,53","84,53","84,53","84,53","84,53","84,53","84,53","84,53","84,53","84,53","84,53","84,53","84,53","84,53","84,53","0,00","0,00","84,53","84,53","84,53","84,53"
21/02/2024,,"85,29","85,29","85,41","85,29","85,41","85,41","85,41","85,29","85,41","85,29","85,41","85,41","85,29","85,41","85,29","85,29","0,00","0,00","85,41","85,41","85,41","85,29"
22/02/2024,,"83,13","84,22","83,55","84,22","87,97","88,40","87,97","84,22","83,55","84,22","87,97","93,39","84,22","83,55","84,22","84,22","0,00","0,00","93,39","87,97","83,55","84,22"
23/02/2024,,"80,83","81,60","75,25","81,60","81,60","81,60","81,60","81,60","75,25","81,60","81,60","75,25","81,60","75,25","81,60","81,60","0,00","0,00","75,25","81,60","75,25","81,60"
24/02/2024,,"77,24","77,04","77,04","77,04","77,04","77,04","77,04","77,04","77,04","77,04","77,04","79,74","77,04","77,04","77,04","77,04","0,00","0,00","79,74","77,04","77,04","77,04"
25/02/2024,,"73,84","73,84","73,84","73,84","73,70","73,84","73,84","73,84","73,84","73,84","73,70","73,84","73,84","73,84","73,84","73,84","0,00","0,00","73,84","73,84","73,84","73,84"
26/02/2024,,"79,36","79,58","74,46","79,58","79,58","79,58","79,58","79,58","79,58","79,58","79,58","74,46","79,58","79,58","79,58","79,58","0,00","0,00","74,46","79,58","79,58","79,58"
27/02/2024,,"84,83","85,68","79,75","85,68","85,68","85,68","85,68","85,68","79,75","85,68","85,68","79,75","85,68","79,75","85,68","85,68","0,00","0,00","79,75","85,68","79,75","85,68"
28/02/2024,,"84,46","85,38","80,47","85,38","85,38","85,38","85,38","85,38","80,47","85,38","85,38","80,47","85,38","80,47","85,38","85,38","0,00","0,00","80,47","85,38","80,47","85,38"
29/02/2024,,"87,34","87,34","87,34","87,34","87,34","87,34","87,34","87,34","87,34","87,34","87,34","87,34","87,34","87,34","87,34","87,34","0,00","0,00","87,34","87,34","87,34","87,34"
01/03/2024,,"91,53","91,53","91,53","91,53","91,53","91,53","91,53","91,53","91,53","91,53","91,53","91,53","91,53","91,53","91,53","91,53","0,00","0,00","91,53","91,53","91,53","91,53"
02/03/2024,,"83,81","83,81","83,81","83,81","83,81","83,81","83,81","83,81","83,81","83,81","83,81","83,81","83,81","83,81","83,81","83,81","0,00","0,00","83,81","83,81","83,81","83,81"
03/03/2024,,"77,08","77,08","77,08","77,08","77,08","77,08","77,08","77,08","77,08","77,08","77,08","77,08","77,08","77,08","77,08","77,08","0,00","0,00","77,08","77,08","77,08","77,08"
04/03/2024,,"89,32","89,37","89,37","89,37","88,14","89,37","89,37","89,37","89,37","89,37","88,14","89,13","89,37","89,37","89,37","89,37","0,00","0,00","89,13","89,37","89,37","89,37"
05/03/2024,,"88,71","90,01","90,01","90,01","76,01","90,01","90,01","90,01","90,01","90,01","76,01","90,01","90,01","90,01","90,01","90,01","0,00","0,00","90,01","90,01","90,01","90,01"
06/03/2024,,"91,70","93,91","86,70","93,91","73,08","93,91","93,91","93,91","86,70","93,91","73,08","86,70","93,91","86,70","93,91","93,91","0,00","0,00","86,70","93,91","86,70","93,91"
07/03/2024,,"94,08","94,06","94,18","94,06","94,18","94,18","94,18","94,06","94,18","94,06","94,18","94,18","94,06","94,18","94,06","94,06","0,00","0,00","94,18","94,18","94,18","94,06"
08/03/2024,,"99,69","99,69","99,69","99,69","99,69","99,69","99,69","99,69","99,69","99,69","99,69","99,69","99,69","99,69","99,69","99,69","0,00","0,00","99,69","99,69","99,69","99,69"
09/03/2024,,"95,07","95,14","95,14","95,14","95,14","95,14","95,14","95,14","95,14","95,14","95,14","95,14","95,14","95,14","95,14","95,14","0,00","0,00","95,14","95,14","95,14","95,14"
10/03/2024,,"84,60","85,36","78,96","85,36","81,36","85,36","81,36","85,36","78,96","85,36","81,36","78,96","85,36","78,96","85,36","85,36","0,00","0,00","78,96","81,36","78,96","85,36"
11/03/2024,,"97,56","98,60","94,50","98,60","86,47","98,60","98,60","98,60","94,50","98,60","86,47","94,50","98,60","94,50","98,60","98,60","0,00","0,00","94,50","98,60","94,50","98,60"
12/03/2024,,"88,79","89,24","88,70","89,24","61,17","89,24","89,24","89,24","89,24","89,24","61,17","88,70","89,24","89,24","89,24","89,24","0,00","0,00","88,70","89,24","89,24","89,24"
13/03/2024,,"89,52","89,52","89,52","89,52","89,52","89,52","89,52","89,52","89,52","89,52","89,52","89,52","89,52","89,52","89,52","89,52","0,00","0,00","89,52","89,52","89,52","89,52"
14/03/2024,,"90,49","89,75","89,75","89,75","89,75","89,75","89,75","89,75","89,75","89,75","89,75","102,80","89,75","89,75","89,75","89,75","0,00","0,00","102,80","89,75","89,75","89,75"
15/03/2024,,"89,55","89,24","89,24","89,24","89,03","89,24","89,24","89,24","89,24","89,24","89,03","98,57","89,24","89,24","89,24","89,24","0,00","0,00","98,57","89,24","89,24","89,24"
16/03/2024,,"82,65","82,38","85,64","84,05","73,33","84,05","85,64","82,38","85,64","82,38","73,33","85,64","82,38","85,64","82,38","82,38","0,00","0,00","85,64","85,64","85,64","82,38"
17/03/2024,,"77,60","76,28","80,43","76,28","76,94","77,49","80,43","76,28","80,43","76,28","76,94","80,43","76,28","80,43","76,28","76,28","0,00","0,00","80,43","80,43","80,43","76,28"
18/03/2024,,"94,38","94,51","94,31","94,51","82,67","94,51","94,51","94,51","94,31","94,51","82,67","94,31","94,51","94,31","94,51","94,51","0,00","0,00","94,31","94,51","94,31","94,51"
19/03/2024,,"95,78","95,82","95,82","95,82","95,82","95,82","95,82","95,82","95,82","95,82","95,82","95,82","95,82","95,82","95,82","95,82","0,00","0,00","95,82","95,82","95,82","95,82"
20/03/2024,,"100,04","100,34","100,34","100,34","93,61","100,34","100,34","100,34","100,34","100,34","93,61","100,57","100,34","100,34","100,34","100,34","0,00","0,00","100,57","100,34","100,34","100,34"
21/03/2024,,"95,32","95,34","95,34","95,34","95,34","95,34","95,34","95,34","95,34","95,34","95,34","95,34","95,34","95,34","95,34","95,34","0,00","0,00","95,34","95,34","95,34","95,34"
22/03/2024,,"94,26","94,33","94,47","94,47","81,70","94,47","94,47","94,33","94,47","94,33","81,70","94,47","94,33","94,47","94,33","94,33","0,00","0,00","94,47","94,47","94,47","94,33"
23/03/2024,,"82,69","83,60","83,60","83,60","69,08","83,60","83,60","83,60","83,60","83,60","69,08","83,60","83,60","83,60","83,60","83,60","0,00","0,00","83,60","83,60","83,60","83,60"
24/03/2024,,"56,78","63,51","52,00","63,45","45,44","63,45","58,71","63,51","52,00","63,51","45,44","52,00","63,51","52,00","63,51","63,51","0,00","0,00","52,00","58,71","52,00","63,51"
25/03/2024,,"94,25","94,26","94,26","94,26","94,26","94,26","94,26","94,26","94,26","94,26","94,26","94,26","94,26","94,26","94,26","94,26","0,00","0,00","94,26","94,26","94,26","94,26"
26/03/2024,,"99,99","100,39","95,61","100,39","99,21","100,39","100,39","100,39","99,92","100,39","99,21","95,61","100,39","99,92","100,39","100,39","0,00","0,00","95,61","100,39","99,92","100,39"
27/03/2024,,"92,48","98,23","84,32","98,23","63,49","98,23","98,23","98,23","84,93","98,23","63,49","84,32","98,23","84,93","98,23","98,23","0,00","0,00","84,32","98,23","84,93","98,23"
28/03/2024,,"86,28","92,57","66,68","92,57","43,93","92,57","92,57","92,57","66,68","92,57","43,93","66,68","92,57","66,68","92,57","92,57","0,00","0,00","66,68","92,57","66,68","92,57"
29/03/2024,,"92,34","92,52","92,52","92,52","76,28","92,52","92,52","92,52","92,52","92,52","76,28","92,51","92,52","92,52","92,52","92,52","0,00","0,00","92,51","92,52","92,52","92,52"
30/03/2024,,"78,97","81,92","72,78","81,04","78,19","81,04","78,19","81,92","72,78","81,92","78,19","72,78","81,92","72,78","81,92","81,92","0,00","0,00","72,78","78,19","72,78","81,92"
31/03/2024,,"83,97","85,69","75,88","85,69","84,57","85,69","85,12","85,69","75,88","85,69","84,57","75,88","85,69","75,88","85,69","85,69","0,00","0,00","75,88","85,12","75,88","85,69"
01/04/2024,,"68,96","70,27","66,19","70,27","58,58","70,27","69,00","70,27","66,19","70,27","58,58","66,19","70,27","66,19","70,27","70,27","0,00","0,00","66,19","69,00","66,19","70,27"
02/04/2024,,"75,57","76,95","73,83","73,83","70,91","73,83","73,83","76,95","73,83","76,95","70,91","73,83","76,95","73,83","76,95","76,95","0,00","0,00","73,83","73,83","73,83","76,95"
03/04/2024,,"86,88","87,08","84,35","87,08","72,87","87,08","87,08","87,08","87,08","87,08","72,87","84,35","87,08","87,08","87,08","87,08","0,00","0,00","84,35","87,08","87,08","87,08"
04/04/2024,,"80,85","80,97","79,50","80,97","80,97","80,97","80,97","80,97","80,97","80,97","80,97","79,50","80,97","80,97","80,97","80,97","0,00","0,00","79,50","80,97","80,97","80,97"
05/04/2024,,"82,63","82,64","82,64","82,64","82,49","82,64","82,64","82,64","82,64","82,64","82,49","82,64","82,64","82,64","82,64","82,64","0,00","0,00","82,64","82,64","82,64","82,64"
06/04/2024,,"66,03","64,72","67,38","67,38","67,38","67,38","67,38","64,72","67,38","64,72","67,38","67,38","64,72","67,38","64,72","64,72","0,00","0,00","67,38","67,38","67,38","64,72"
07/04/2024,,"62,73","62,77","62,77","62,77","62,77","62,77","62,77","62,77","62,77","62,77","62,77","62,77","62,77","62,77","62,77","62,77","0,00","0,00","62,77","62,77","62,77","62,77"
08/04/2024,,"82,11","82,12","82,12","82,12","81,31","82,12","82,12","82,12","82,12","82,12","81,31","82,12","82,12","82,12","82,12","82,12","0,00","0,00","82,12","82,12","82,12","82,12"
09/04/2024,,"82,95","82,91","83,64","83,64","83,64","83,64","83,64","82,91","83,64","82,91","83,64","83,64","82,91","83,64","82,91","82,91","0,00","0,00","83,64","83,64","83,64","82,91"
10/04/2024,,"86,65","90,46","81,65","85,90","53,78","85,90","85,90","90,46","81,65","90,46","53,78","81,65","90,46","81,65","90,46","90,46","0,00","0,00","81,65","85,90","81,65","90,46"
11/04/2024,,"78,60","78,61","78,61","78,61","78,61","78,61","78,61","78,61","78,61","78,61","78,61","78,61","78,61","78,61","78,61","78,61","0,00","0,00","78,61","78,61","78,61","78,61"
12/04/2024,,"74,96","75,11","74,74","74,74","74,74","74,74","74,74","75,11","74,74","75,11","74,74","74,74","75,11","74,74","75,11","75,11","0,00","0,00","74,74","74,74","74,74","75,11"
13/04/2024,,"71,36","70,39","73,57","73,53","73,57","73,57","73,57","70,39","73,57","70,39","73,57","73,57","70,39","73,57","70,39","70,39","0,00","0,00","73,57","73,57","73,57","70,39"
14/04/2024,,"73,49","72,83","73,91","73,91","73,91","73,91","73,91","72,83","73,91","72,83","73,91","73,91","72,83","73,91","72,83","72,83","0,00","0,00","73,91","73,91","73,91","72,83"
15/04/2024,,"91,70","91,73","91,73","91,73","91,73","91,73","91,73","91,73","91,73","91,73","91,73","91,73","91,73","91,73","91,73","91,73","0,00","0,00","91,73","91,73","91,73","91,73"
16/04/2024,,"81,32","82,03","82,03","82,03","65,44","65,49","82,03","82,03","82,03","82,03","65,44","82,03","82,03","82,03","82,03","82,03","0,00","0,00","82,03","82,03","82,03","82,03"
17/04/2024,,"99,28","101,24","92,52","101,24","71,41","71,41","101,24","101,24","92,52","101,24","71,41","92,52","101,24","92,52","101,24","101,24","0,00","0,00","92,52","101,24","92,52","101,24"
18/04/2024,,"108,19","108,73","108,73","108,73","80,25","80,44","108,73","108,73","108,73","108,73","80,25","108,73","108,73","108,73","108,73","108,73","0,00","0,00","108,73","108,73","108,73","108,73"
19/04/2024,,"93,15","93,64","92,36","93,64","83,83","83,83","93,56","93,64","92,36","93,64","83,83","92,36","93,64","92,36","93,64","93,64","0,00","0,00","92,36","93,56","92,36","93,64"
20/04/2024,,"92,35","94,11","92,83","94,11","62,97","94,11","94,11","94,11","92,83","94,11","62,97","92,83","94,11","92,83","94,11","94,11","0,00","0,00","92,83","94,11","92,83","94,11"
21/04/2024,,"83,74","83,74","83,74","83,74","83,74","83,74","83,74","83,74","83,74","83,74","83,74","83,74","83,74","83,74","83,74","83,74","0,00","0,00","83,74","83,74","83,74","83,74"
22/04/2024,,"109,00","109,15","109,15","109,15","86,69","109,15","109,15","109,15","109,15","109,15","86,69","109,15","109,15","109,15","109,15","109,15","0,00","0,00","109,15","109,15","109,15","109,15"
23/04/2024,,"104,31","105,51","102,36","105,51","74,53","105,51","102,36","105,51","102,36","105,51","74,53","102,36","105,51","102,36","105,51","105,51","0,00","0,00","102,36","102,36","102,36","105,51"
24/04/2024,,"100,11","100,91","100,44","100,91","75,11","100,91","100,44","100,91","100,44","100,91","75,11","100,44","100,91","100,44","100,91","100,91","0,00","0,00","100,44","100,44","100,44","100,91"
25/04/2024,,"94,06","94,45","94,45","94,45","85,56","94,45","94,45","94,45","94,45","94,45","85,56","94,45","94,45","94,45","94,45","94,45","0,00","0,00","94,45","94,45","94,45","94,45"
26/04/2024,,"102,18","102,18","102,18","102,18","102,18","102,18","102,18","102,18","102,18","102,18","102,18","102,18","102,18","102,18","102,18","102,18","0,00","0,00","102,18","102,18","102,18","102,18"
27/04/2024,,"97,33","96,72","98,58","98,58","94,43","98,58","98,58","96,72","98,58","96,72","94,43","98,58","96,72","98,58","96,72","96,72","0,00","0,00","98,58","98,58","98,58","96,72"
28/04/2024,,"85,89","86,75","86,21","86,21","72,88","86,21","86,21","86,75","86,21","86,75","72,88","86,21","86,75","86,21","86,75","86,75","0,00","0,00","86,21","86,21","86,21","86,75"
29/04/2024,,"86,96","87,58","87,58","87,58","78,50","87,58","87,58","87,58","87,58","87,58","78,50","87,58","87,58","87,58","87,58","87,58","0,00","0,00","87,58","87,58","87,58","87,58"
30/04/2024,,"91,67","91,67","91,67","91,67","91,67","91,67","91,67","91,67","91,67","91,67","91,67","91,67","91,67","91,67","91,67","91,67","0,00","0,00","91,67","91,67","91,67","91,67"
01/05/2024,,"92,73","93,93","91,42","94,38","94,38","94,38","94,38","93,93","91,42","93,93","94,38","91,42","93,93","91,42","93,93","93,93","0,00","0,00","91,42","94,38","91,42","93,93"
02/05/2024,,"82,47","88,58","66,85","88,58","64,11","88,58","77,28","88,58","66,85","88,58","64,11","66,85","88,58","66,85","88,58","88,58","0,00","0,00","66,85","77,28","66,85","88,58"
03/05/2024,,"73,74","85,31","59,12","85,31","61,29","85,31","84,55","85,31","59,12","85,31","61,29","59,12","85,31","59,12","85,31","85,31","0,00","0,00","59,12","84,55","59,12","85,31"
04/05/2024,,"79,75","79,86","80,25","79,86","78,74","80,25","80,25","79,86","80,25","79,86","78,74","80,25","79,86","80,25","79,86","79,86","0,00","0,00","80,25","80,25","80,25","79,86"
05/05/2024,,"66,22","64,68","67,57","67,57","67,57","67,57","67,57","64,68","67,57","64,68","67,57","67,57","64,68","67,57","64,68","64,68","0,00","0,00","67,57","67,57","67,57","64,68"
06/05/2024,,"104,00","103,78","104,02","104,02","104,02","104,02","104,02","103,78","104,02","103,78","104,02","104,02","103,78","104,02","103,78","103,78","0,00","0,00","104,02","104,02","104,02","103,78"
07/05/2024,,"104,61","104,61","104,61","104,61","104,61","104,61","104,61","104,61","104,61","104,61","104,61","104,61","104,61","104,61","104,61","104,61","0,00","0,00","104,61","104,61","104,61","104,61"
08/05/2024,,"101,64","101,64","101,64","101,64","101,64","101,64","101,64","101,64","101,64","101,64","101,64","101,64","101,64","101,64","101,64","101,64","0,00","0,00","101,64","101,64","101,64","101,64"
09/05/2024,,"95,27","95,29","95,29","95,29","95,29","95,29","95,29","95,29","95,29","95,29","95,29","95,29","95,29","95,29","95,29","95,29","0,00","0,00","95,29","95,29","95,29","95,29"
10/05/2024,,"80,60","81,16","79,98","81,16","79,98","81,16","79,98","81,16","79,98","81,16","79,98","79,98","81,16","79,98","81,16","81,16","0,00","0,00","79,98","79,98","79,98","81,16"
11/05/2024,,"78,13","78,09","78,75","78,75","78,25","78,75","78,75","78,09","78,75","78,09","78,25","78,75","78,09","78,75","78,09","78,09","0,00","0,00","78,75","78,75","78,75","78,09"
12/05/2024,,"71,07","65,82","79,58","78,59","79,58","79,58","79,58","65,82","79,58","65,82","79,58","79,58","65,82","79,58","65,82","65,82","0,00","0,00","79,58","79,58","79,58","65,82"
13/05/2024,,"95,44","91,20","101,17","101,17","101,17","101,17","101,17","91,20","101,17","91,20","101,17","108,04","91,20","101,17","91,20","91,20","0,00","0,00","108,04","101,17","101,17","91,20"
14/05/2024,,"100,05","99,52","99,52","99,52","99,52","99,52","99,52","99,52","99,52","99,52","99,52","106,66","99,52","99,52","99,52","99,52","0,00","0,00","106,66","99,52","99,52","99,52"
15/05/2024,,"102,68","103,06","101,29","103,06","101,54","103,06","101,54","103,06","101,29","103,06","101,54","105,58","103,06","101,29","103,06","103,06","0,00","0,00","105,58","101,54","101,29","103,06"
16/05/2024,,"98,34","98,43","98,43","98,43","89,56","98,43","98,43","98,43","98,43","98,43","89,56","99,93","98,43","98,43","98,43","98,43","0,00","0,00","99,93","98,43","98,43","98,43"
17/05/2024,,"93,90","93,90","93,90","93,90","93,90","93,90","93,90","93,90","93,90","93,90","93,90","94,96","93,90","93,90","93,90","93,90","0,00","0,00","94,96","93,90","93,90","93,90"
18/05/2024,,"96,48","94,66","97,19","97,19","97,19","97,19","97,19","94,66","97,19","94,66","97,19","104,28","94,66","97,19","94,66","94,66","0,00","0,00","104,28","97,19","97,19","94,66"
19/05/2024,,"89,75","89,23","90,38","90,38","90,38","90,38","90,38","89,23","90,38","89,23","90,38","91,03","89,23","90,38","89,23","89,23","0,00","0,00","91,03","90,38","90,38","89,23"
20/05/2024,,"103,06","102,54","104,28","102,56","104,28","104,28","104,28","102,54","104,28","102,54","104,28","106,45","102,54","104,28","102,54","102,54","0,00","0,00","106,45","104,28","104,28","102,54"
21/05/2024,,"98,99","102,83","88,68","102,83","77,94","102,83","96,38","102,83","88,68","102,83","77,94","94,19","102,83","88,68","102,83","102,83","0,00","0,00","94,19","96,38","88,68","102,83"
22/05/2024,,"90,96","92,96","89,31","92,96","89,53","92,96","89,53","92,96","89,31","92,96","89,53","104,79","92,96","89,31","92,96","92,96","0,00","0,00","104,79","89,53","89,31","92,96"
23/05/2024,,"102,99","101,96","101,96","101,96","101,96","101,96","101,96","101,96","101,96","101,96","101,96","116,10","101,96","101,96","101,96","101,96","0,00","0,00","116,10","101,96","101,96","101,96"
24/05/2024,,"112,62","111,87","111,87","111,87","111,87","111,87","111,87","111,87","111,87","111,87","111,87","127,19","111,87","111,87","111,87","111,87","0,00","0,00","127,19","111,87","111,87","111,87"
25/05/2024,,"102,68","101,23","105,75","105,09","105,75","105,75","105,75","101,23","105,75","101,23","105,75","112,51","101,23","105,75","101,23","101,23","0,00","0,00","112,51","105,75","105,75","101,23"
26/05/2024,,"72,46","70,13","76,97","76,97","76,97","76,97","76,97","70,13","76,97","70,13","76,97","77,59","70,13","76,97","70,13","70,13","0,00","0,00","77,59","76,97","76,97","70,13"
27/05/2024,,"110,37","108,92","116,34","111,46","116,34","30,49","116,34","108,92","116,34","108,92","116,34","117,88","108,92","116,34","108,92","108,92","0,00","0,00","117,88","116,34","116,34","108,92"
28/05/2024,,"115,81","114,17","118,04","114,17","118,04","38,95","118,04","114,17","118,04","114,17","118,04","124,98","114,17","118,04","114,17","114,17","0,00","0,00","124,98","118,04","118,04","114,17"
29/05/2024,,"112,36","111,98","112,52","111,98","112,52","112,52","112,52","111,98","112,52","111,98","112,52","121,24","111,98","112,52","111,98","111,98","0,00","0,00","121,24","112,52","112,52","111,98"
30/05/2024,,"115,91","112,51","117,70","112,51","87,66","117,70","117,70","112,51","117,70","112,51","87,66","143,90","112,51","117,70","112,51","112,51","0,00","0,00","143,90","117,70","117,70","112,51"
31/05/2024,,"97,20","97,47","94,46","97,47","84,73","97,75","97,45","97,47","94,46","97,47","84,73","124,83","97,47","94,46","97,47","97,47","0,00","0,00","124,83","97,45","94,46","97,47"
01/06/2024,,"80,21","74,60","89,64","78,20","89,64","89,64","89,64","74,60","89,64","74,60","89,64","90,35","74,60","89,64","74,60","74,60","0,00","0,00","90,35","89,64","89,64","74,60"
02/06/2024,,"85,73","77,93","92,91","77,93","92,90","92,90","92,91","77,93","92,91","77,93","92,90","92,91","77,93","92,91","77,93","77,93","0,00","0,00","92,91","92,91","92,91","77,93"
03/06/2024,,"113,29","114,44","112,77","114,44","112,77","114,44","112,77","114,44","112,77","114,44","112,77","112,77","114,44","112,77","114,44","114,44","0,00","0,00","112,77","112,77","112,77","114,44"
04/06/2024,,"113,61","113,61","113,76","113,61","113,76","113,76","113,76","113,61","113,76","113,61","113,76","113,76","113,61","113,76","113,61","113,61","0,00","0,00","113,76","113,76","113,76","113,61"
05/06/2024,,"111,79","111,38","112,63","111,38","112,63","112,63","112,63","111,38","112,63","111,38","112,63","112,63","111,38","112,63","111,38","111,38","0,00","0,00","112,63","112,63","112,63","111,38"
06/06/2024,,"104,89","104,23","105,66","104,23","105,66","105,66","105,66","104,23","105,66","104,23","105,66","105,66","104,23","105,66","104,23","104,23","0,00","0,00","105,66","105,66","105,66","104,23"
07/06/2024,,"111,69","109,81","116,07","109,81","116,07","116,07","116,07","109,81","116,07","109,81","116,07","116,07","109,81","116,07","109,81","109,81","0,00","0,00","116,07","116,07","116,07","109,81"
08/06/2024,,"104,66","104,21","106,51","104,21","106,51","106,51","106,51","104,21","106,51","104,21","106,51","106,51","104,21","106,51","104,21","104,21","0,00","0,00","106,51","106,51","106,51","104,21"
09/06/2024,,"96,02","94,08","96,91","94,08","96,08","96,91","96,91","94,08","96,91","94,08","96,08","96,91","94,08","96,91","94,08","94,08","0,00","0,00","96,91","96,91","96,91","94,08"
10/06/2024,,"96,76","96,79","96,79","96,79","94,92","96,79","96,79","96,79","96,79","96,79","94,92","96,79","96,79","96,79","96,79","96,79","0,00","0,00","96,79","96,79","96,79","96,79"
11/06/2024,,"103,65","103,65","103,65","103,65","103,65","103,65","103,65","103,65","103,65","103,65","103,65","103,65","103,65","103,65","103,65","103,65","0,00","0,00","103,65","103,65","103,65","103,65"
12/06/2024,,"110,21","110,23","110,63","110,23","108,14","110,63","110,63","110,23","110,63","110,23","108,14","110,63","110,23","110,63","110,23","110,23","0,00","0,00","110,63","110,63","110,63","110,23"
13/06/2024,,"99,95","100,76","102,27","100,76","78,90","102,27","102,27","100,76","102,27","100,76","78,90","102,27","100,76","102,27","100,76","100,76","0,00","0,00","102,27","102,27","102,27","100,76"
14/06/2024,,"0,00","0,00","0,00","0,00","0,00","0,00","0,00","0,00","0,00","0,00","0,00","0,00","0,00","0,00","0,00","0,00","0,00","0,00","0,00","0,00","0,00","0,00"
15/06/2024,,"100,68","94,91","104,84","100,64","104,84","104,84","104,84","94,91","104,84","94,91","104,84","115,45","94,91","104,84","94,91","94,91","94,91","94,91","115,45","104,84","104,84","94,91"
16/06/2024,,"87,09","83,48","89,39","84,87","89,39","89,39","89,39","83,48","89,39","83,48","89,39","89,39","83,48","89,39","83,48","83,48","83,48","83,48","89,39","89,39","89,39","83,48"
17/06/2024,,"105,78","101,88","108,65","102,02","108,65","108,65","108,65","101,88","108,65","101,88","108,65","108,65","101,88","108,65","101,88","101,88","101,88","101,88","108,65","108,65","108,65","101,88"
18/06/2024,,"108,82","110,61","104,53","90,28","0,00","0,00","114,68","110,61","142,68","110,61","114,69","68,26","110,61","142,68","110,61","110,61","110,61","110,61","2753,67","114,68","142,68","110,61"
19/06/2024,,"110,25","109,38","111,51","110,30","111,51","111,51","111,51","109,38","111,51","109,38","111,51","111,51","109,38","111,51","109,38","109,38","109,38","109,38","111,51","111,51","111,51","109,38"
20/06/2024,,"117,66","117,56","118,01","117,56","118,01","118,01","118,01","117,56","118,01","117,56","118,01","118,01","117,56","118,01","117,56","117,56","117,56","117,56","118,01","118,01","118,01","117,56"
21/06/2024,,"118,14","116,73","119,78","119,75","119,78","119,78","119,78","116,73","119,78","116,73","119,78","119,78","116,73","119,78","116,73","116,73","116,73","116,73","119,78","119,78","119,78","116,73"
22/06/2024,,"97,20","96,61","99,25","96,61","91,36","99,25","99,25","96,61","99,25","96,61","91,36","99,25","96,61","99,25","96,61","96,61","96,61","96,61","99,25","99,25","99,25","96,61"
23/06/2024,,"103,19","101,53","107,17","101,53","105,64","107,41","107,41","101,53","107,41","101,53","105,64","107,17","101,53","107,41","101,53","101,53","101,53","101,53","107,17","107,41","107,41","101,53"
24/06/2024,,"110,85","108,09","114,03","111,16","114,03","111,16","114,03","108,09","114,03","108,09","114,03","114,03","108,09","114,03","108,09","108,09","108,09","108,09","114,03","114,03","114,03","108,09"
25/06/2024,,"114,74","113,28","115,76","113,42","115,76","115,76","115,76","113,28","115,76","113,28","115,76","115,76","113,28","115,76","113,28","113,28","113,28","113,28","115,76","115,76","115,76","113,28"
26/06/2024,,"108,87","108,82","106,13","108,82","109,17","109,17","109,17","108,82","109,17","108,82","109,17","106,13","108,82","109,17","108,82","108,82","108,82","108,82","106,13","109,17","109,17","108,82"
27/06/2024,,"103,95","100,86","107,23","100,86","107,23","107,23","107,23","100,86","107,23","100,86","107,23","107,23","100,86","107,23","100,86","100,86","100,86","100,86","107,23","107,23","107,23","100,86"
28/06/2024,,"110,55","110,39","110,58","110,55","110,58","110,58","110,58","110,39","110,58","110,39","110,58","110,58","110,39","110,58","110,39","110,39","110,39","110,39","110,58","110,58","110,58","110,39"
29/06/2024,,"87,73","85,95","90,57","90,16","90,16","90,16","90,16","85,95","90,16","85,95","90,16","90,57","85,95","90,16","85,95","85,95","85,95","85,95","90,57","90,16","90,16","85,95"
30/06/2024,,"76,74","73,39","80,51","80,51","80,51","80,51","80,51","73,39","80,51","73,39","80,51","80,51","73,39","80,51","73,39","73,39","73,39","73,39","80,51","80,51","80,51","73,39"
01/07/2024,,"111,39","109,44","116,09","111,96","116,09","116,09","116,09","109,44","116,09","109,44","116,09","116,09","109,44","116,09","109,44","109,44","109,44","109,44","116,09","116,09","116,09","109,44"
02/07/2024,,"109,20","107,02","115,03","107,02","83,49","114,28","115,03","107,02","115,03","107,02","83,49","115,03","107,02","115,03","107,02","107,02","107,02","107,02","321,09","115,03","115,03","107,02"
03/07/2024,,"106,24","106,69","106,73","106,73","78,87","106,73","106,73","106,69","106,73","106,69","78,87","106,73","106,69","106,73","106,69","106,69","106,69","106,69","106,73","106,73","106,73","106,69"
04/07/2024,,"105,83","105,44","106,79","106,79","83,33","106,79","106,79","105,44","106,79","105,44","83,33","106,79","105,44","106,79","105,44","105,44","105,44","105,44","106,79","106,79","106,79","105,44"
05/07/2024,,"103,94","100,43","107,41","107,41","107,41","107,41","107,41","100,43","107,41","100,43","107,41","107,41","100,43","107,41","100,43","100,43","100,43","100,43","107,41","107,41","107,41","100,43"
06/07/2024,,"95,29","92,92","103,92","103,92","103,92","103,92","103,92","92,92","103,92","92,92","103,92","103,92","92,92","103,92","92,92","92,92","92,92","92,92","103,92","103,92","103,92","92,92"
07/07/2024,,"102,36","95,19","111,59","111,59","111,59","111,59","111,59","95,19","111,59","95,19","111,59","111,59","95,19","111,59","95,19","95,19","95,19","95,19","111,59","111,59","111,59","95,19"
08/07/2024,,"0,00","0,00","0,00","0,00","0,00","0,00","0,00","0,00","0,00","0,00","0,00","0,00","0,00","0,00","0,00","0,00","0,00","0,00","0,00","0,00","0,00","0,00"
09/07/2024,,"112,23","111,48","112,98","112,98","112,98","112,98","112,98","111,48","112,98","111,48","112,98","113,94","111,48","112,98","111,48","111,48","111,48","111,48","113,94","112,98","112,98","111,48"
10/07/2024,,"112,78","110,67","114,56","114,56","114,56","114,56","114,56","110,67","114,56","110,67","114,56","114,56","110,67","114,56","110,67","110,67","110,67","110,67","114,56","114,56","114,56","110,67"
11/07/2024,,"116,87","112,31","121,59","121,59","121,59","121,59","121,59","112,31","121,59","112,31","121,59","121,59","112,31","121,59","112,31","112,31","112,31","112,31","121,59","121,59","121,59","112,31"
12/07/2024,,"107,20","101,67","119,32","119,32","119,32","119,32","119,32","101,67","119,32","101,67","119,32","119,50","101,67","119,32","101,67","101,67","101,67","101,67","119,50","119,32","119,32","101,67"
13/07/2024,,"110,11","100,60","113,50","113,50","113,50","113,50","113,50","100,60","113,50","100,60","113,50","113,50","100,60","113,50","100,60","100,60","100,60","100,60","113,50","113,50","113,50","100,60"
14/07/2024,,"102,24","94,09","111,29","111,29","111,29","111,29","111,29","94,09","111,29","94,09","111,29","111,29","94,09","111,29","94,09","94,09","94,09","94,09","111,29","111,29","111,29","94,09"
15/07/2024,,"121,72","114,01","133,13","133,13","133,13","133,13","133,13","114,01","133,13","114,01","133,13","133,13","114,01","133,13","114,01","114,01","114,01","114,01","133,13","133,13","133,13","114,01"
16/07/2024,,"115,35","109,82","131,07","131,07","131,07","131,07","131,07","109,82","131,07","109,82","131,07","132,17","109,82","131,07","109,82","109,82","109,82","109,82","132,17","131,07","131,07","109,82"
17/07/2024,,"131,92","126,83","139,83","140,15","140,15","140,15","140,15","126,83","140,15","126,83","140,15","139,83","126,83","140,15","126,83","126,83","126,83","126,83","139,83","140,15","140,15","126,83"
18/07/2024,,"117,58","109,58","128,85","128,85","128,85","128,85","128,85","109,58","128,85","109,58","128,85","136,37","109,58","128,85","109,58","109,58","109,58","109,58","136,37","128,85","128,85","109,58"
19/07/2024,,"121,07","112,33","126,31","126,31","126,31","126,31","126,31","112,33","126,31","112,33","126,31","132,71","112,33","126,31","112,33","112,33","112,33","112,33","132,71","126,31","126,31","112,33"
20/07/2024,,"110,75","108,93","114,47","114,47","114,47","114,47","114,47","108,93","114,47","108,93","114,47","114,47","108,93","114,47","108,93","108,93","108,93","108,93","114,47","114,47","114,47","108,93"
21/07/2024,,"93,50","86,59","102,33","97,88","102,33","102,33","102,33","86,59","102,33","86,59","102,33","102,64","86,59","102,33","86,59","86,59","86,59","86,59","102,64","102,33","102,33","86,59"
22/07/2024,,"116,90","115,24","117,32","117,32","117,32","117,32","117,32","115,24","117,32","115,24","117,32","118,01","115,24","117,32","115,24","115,24","115,24","115,24","118,01","117,32","117,32","115,24"
23/07/2024,,"114,77","112,47","116,26","116,30","116,30","116,30","116,30","112,47","116,30","112,47","116,30","116,44","112,47","116,30","112,47","112,47","112,47","112,47","116,44","116,30","116,30","112,47"
24/07/2024,,"108,92","109,99","110,11","110,11","75,12","110,11","110,11","109,99","110,11","109,99","75,12","110,39","109,99","110,11","109,99","109,99","109,99","109,99","110,39","110,11","110,11","109,99"
25/07/2024,,"125,61","119,95","129,16","129,16","103,11","129,16","129,16","119,95","129,16","119,95","103,11","129,16","119,95","129,16","119,95","119,95","119,95","119,95","129,16","129,16","129,16","119,95"
26/07/2024,,"119,65","115,22","124,83","124,83","96,23","124,83","124,83","115,22","124,83","115,22","96,23","130,15","115,22","124,83","115,22","115,22","115,22","115,22","130,15","124,83","124,83","115,22"
27/07/2024,,"106,67","101,26","114,69","114,69","114,69","114,69","114,69","101,26","114,69","101,26","114,69","114,69","101,26","114,69","101,26","101,26","101,26","101,26","114,69","114,69","114,69","101,26"
28/07/2024,,"113,16","112,85","113,65","113,65","113,65","113,65","113,65","112,85","113,65","112,85","113,65","113,65","112,85","113,65","112,85","112,85","112,85","112,85","113,65","113,65","113,65","112,85"
29/07/2024,,"114,81","114,81","114,81","114,81","114,81","114,81","114,81","114,81","114,81","114,81","114,81","114,81","114,81","114,81","114,81","114,81","114,81","114,81","114,81","114,81","114,81","114,81"
30/07/2024,,"109,99","109,25","109,32","109,32","109,32","109,32","109,32","109,25","109,32","109,25","109,32","116,42","109,25","109,32","109,25","109,25","109,25","109,25","116,42","109,32","109,32","109,25"
31/07/2024,,"122,29","117,76","123,71","123,71","123,71","123,71","123,71","117,76","123,71","117,76","123,71","123,71","117,76","123,71","117,76","117,76","117,76","117,76","123,71","123,71","123,71","117,76"
01/08/2024,,"128,73","125,32","130,62","130,62","130,62","130,62","130,62","125,32","130,62","125,32","130,62","130,62","125,32","130,62","125,32","125,32","125,32","125,32","130,62","130,62","130,62","125,32"
02/08/2024,,"124,36","123,67","126,49","126,49","126,49","126,49","126,49","123,67","126,49","123,67","126,49","133,39","123,67","126,49","123,67","123,67","123,67","123,67","133,39","126,49","126,49","123,67"
03/08/2024,,"115,83","114,31","117,82","117,82","117,82","117,82","117,82","114,31","117,82","114,31","117,82","117,82","114,31","117,82","114,31","114,31","114,31","114,31","117,82","117,82","117,82","114,31"
04/08/2024,,"115,19","109,62","132,95","132,95","132,95","132,95","132,95","109,62","132,95","109,62","132,95","132,95","109,62","132,95","109,62","109,62","109,62","109,62","132,95","132,95","132,95","109,62"
05/08/2024,,"122,13","117,06","133,91","133,91","133,91","133,91","133,91","117,06","133,91","117,06","133,91","133,91","117,06","133,91","117,06","117,06","117,06","117,06","133,91","133,91","133,91","117,06"
06/08/2024,,"125,46","119,05","137,39","137,39","137,39","137,39","137,39","119,05","137,39","119,05","137,39","137,39","119,05","137,39","119,05","119,05","119,05","119,05","137,39","137,39","137,39","119,05"
07/08/2024,,"127,68","121,13","136,30","134,38","136,30","134,38","136,30","121,13","136,30","121,13","136,30","136,48","121,13","136,30","121,13","121,13","121,13","121,13","136,48","136,30","136,30","121,13"
08/08/2024,,"130,48","117,93","146,68","146,68","146,68","146,68","146,68","117,93","146,68","117,93","146,68","146,92","117,93","146,68","117,93","117,93","117,93","117,93","146,92","146,68","146,68","117,93"
09/08/2024,,"126,66","125,74","127,99","127,99","127,99","127,99","127,99","125,74","127,99","125,74","127,99","127,99","125,74","127,99","125,74","125,74","125,74","125,74","127,99","127,99","127,99","125,74"
10/08/2024,,"127,41","126,07","129,30","129,30","129,30","129,30","129,30","126,07","129,30","126,07","129,30","132,58","126,07","129,30","126,07","126,07","126,07","126,07","132,58","129,30","129,30","126,07"
11/08/2024,,"132,30","132,15","132,15","132,15","132,15","132,15","132,15","132,15","132,15","132,15","132,15","135,81","132,15","132,15","132,15","132,15","132,15","132,15","135,81","132,15","132,15","132,15"
12/08/2024,,"138,33","0,00","155,32","138,81","138,81","138,81","138,81","0,00","0,00","133,01","138,81","159,83","133,01","154,71","133,01","133,01","133,01","133,01","4425,75","2802,49","154,71","133,01"
13/08/2024,,"139,08","132,62","143,21","143,21","143,21","143,21","143,21","132,62","143,21","132,62","143,21","144,34","132,62","143,21","132,62","132,62","132,62","132,62","144,34","143,21","143,21","132,62"
14/08/2024,,"129,54","128,51","131,55","131,55","131,55","131,55","131,55","128,51","131,55","128,51","131,55","142,16","128,51","131,55","128,51","128,51","128,51","128,51","142,16","131,55","131,55","128,51"
15/08/2024,,"123,81","121,00","124,96","124,96","124,96","124,96","124,96","121,00","124,96","121,00","124,96","157,05","121,00","124,96","121,00","121,00","121,00","121,00","157,05","124,96","124,96","121,00"
16/08/2024,,"125,69","121,51","129,05","129,05","129,05","129,05","129,05","121,51","129,05","121,51","129,05","156,65","121,51","129,05","121,51","121,51","121,51","121,51","156,65","129,05","129,05","121,51"
17/08/2024,,"123,03","120,04","123,61","123,61","123,61","123,61","123,61","120,04","123,61","120,04","123,61","150,87","120,04","123,61","120,04","120,04","120,04","120,04","150,87","123,61","123,61","120,04"
18/08/2024,,"114,06","113,01","113,35","113,35","113,35","113,35","113,35","113,01","113,35","113,01","113,35","131,79","113,01","113,35","113,01","113,01","113,01","113,01","131,79","113,35","113,35","113,01"
19/08/2024,,"119,72","117,89","120,05","120,05","120,05","120,05","120,05","117,89","120,05","117,89","120,05","124,45","117,89","120,05","117,89","117,89","117,89","117,89","124,45","120,05","120,05","117,89"
20/08/2024,,"122,45","121,86","123,21","122,68","123,21","123,21","123,21","121,86","123,21","121,86","123,21","123,21","121,86","123,21","121,86","121,86","121,86","121,86","123,21","123,21","123,21","121,86"
21/08/2024,,"123,85","123,33","125,00","123,54","125,00","125,00","125,00","123,33","125,00","123,33","125,00","125,21","123,33","125,00","123,33","123,33","123,33","123,33","125,21","125,00","125,00","123,33"
22/08/2024,,"117,65","113,80","120,65","120,65","120,65","120,65","120,65","113,80","120,65","113,80","120,65","134,00","113,80","120,65","113,80","113,80","113,80","113,80","134,00","120,65","120,65","113,80"
23/08/2024,,"127,26","123,67","130,48","130,39","130,48","130,48","130,48","123,67","130,48","123,67","130,48","137,78","123,67","130,48","123,67","123,67","123,67","123,67","137,78","130,48","130,48","123,67"
24/08/2024,,"122,08","121,23","122,34","122,34","122,34","122,34","122,34","121,23","122,34","121,23","122,34","135,94","121,23","122,34","121,23","121,23","121,23","121,23","135,94","122,34","122,34","121,23"
25/08/2024,,"126,01","125,66","125,93","125,66","125,93","125,93","125,93","125,66","125,93","125,66","125,93","131,94","125,66","125,93","125,66","125,66","125,66","125,66","131,94","125,93","125,93","125,66"
26/08/2024,,"128,65","126,48","129,67","129,67","127,40","129,67","129,67","126,48","129,67","126,48","127,40","142,39","126,48","129,67","126,48","126,48","126,48","126,48","142,39","129,67","129,67","126,48"
27/08/2024,,"140,09","137,86","139,70","139,70","139,70","139,70","139,70","137,86","139,70","137,86","139,70","171,03","137,86","139,70","137,86","137,86","137,86","137,86","171,03","139,70","139,70","137,86"
28/08/2024,,"146,48","145,41","145,41","145,41","145,41","145,41","145,41","145,41","145,41","145,41","145,41","163,51","145,41","145,41","145,41","145,41","145,41","145,41","163,51","145,41","145,41","145,41"
29/08/2024,,"0,00","0,00","0,00","0,00","0,00","0,00","0,00","0,00","0,00","0,00","0,00","0,00","0,00","0,00","0,00","0,00","0,00","0,00","0,00","0,00","0,00","0,00"
30/08/2024,,"136,40","135,79","135,95","135,95","135,95","135,95","135,95","135,79","135,95","135,79","135,95","145,89","135,79","135,95","135,79","135,79","135,79","135,79","145,89","135,95","135,95","135,79"
31/08/2024,,"122,35","118,83","124,74","124,74","124,74","124,74","124,74","118,83","124,74","118,83","124,74","136,95","118,83","124,74","118,83","118,83","118,83","118,83","136,95","124,74","124,74","118,83"
01/09/2024,,"124,36","122,04","124,25","124,25","124,25","124,25","124,25","122,04","124,25","122,04","124,25","139,21","122,04","124,25","122,04","122,04","122,04","122,04","139,21","124,25","124,25","122,04"
02/09/2024,,"158,64","147,89","164,77","164,77","164,15","164,77","164,77","147,89","164,77","147,89","164,15","171,23","147,89","164,77","147,89","147,89","147,89","147,89","171,23","164,77","164,77","147,89"
03/09/2024,,"150,01","140,67","166,17","166,17","166,17","166,17","166,17","140,67","166,17","140,67","166,17","168,77","140,67","166,17","140,67","140,67","140,67","140,67","168,77","166,17","166,17","140,67"
04/09/2024,,"147,99","0,00","109,96","163,08","163,08","163,08","163,08","0,00","0,00","147,98","163,08","170,59","147,98","109,96","2655,74","147,98","147,98","147,98","-606,46","0,00","109,96","147,98"
05/09/2024,,"135,17","134,56","134,90","134,90","125,00","134,90","134,90","134,56","134,90","134,56","125,00","145,74","134,56","134,90","134,56","134,56","134,56","134,56","145,74","134,90","134,90","134,56"
06/09/2024,,"129,25","127,09","129,86","129,86","129,86","129,86","129,86","127,09","129,86","127,09","129,86","142,83","127,09","129,86","127,09","127,09","127,09","127,09","142,83","129,86","129,86","127,09"
07/09/2024,,"123,36","121,15","123,67","123,67","123,67","123,67","123,67","121,15","123,67","121,15","123,67","138,28","121,15","123,67","121,15","121,15","121,15","121,15","138,28","123,67","123,67","121,15"
08/09/2024,,"119,69","118,79","120,47","120,47","120,47","120,47","120,47","118,79","120,47","118,79","120,47","120,47","118,79","120,47","118,79","118,79","118,79","118,79","120,47","120,47","120,47","118,79"
09/09/2024,,"115,32","115,58","115,58","115,58","97,61","115,58","115,58","115,58","115,58","115,58","97,61","115,58","115,58","115,58","115,58","115,58","115,58","115,58","115,58","115,58","115,58","115,58"
10/09/2024,,"111,71","111,92","111,69","111,92","109,97","111,92","111,69","111,92","111,69","111,92","109,97","111,69","111,92","111,69","111,92","111,92","111,92","111,92","111,69","111,69","111,69","111,92"
11/09/2024,,"118,80","116,08","121,99","121,99","99,86","121,99","121,99","116,08","121,99","116,08","99,86","124,32","116,08","121,99","116,08","116,08","116,08","116,08","124,32","121,99","121,99","116,08"
12/09/2024,,"112,08","111,99","112,04","112,04","112,04","112,04","112,04","111,99","112,04","111,99","112,04","114,30","111,99","112,04","111,99","111,99","111,99","111,99","114,30","112,04","112,04","111,99"
13/09/2024,,"102,90","104,64","95,48","104,64","81,87","104,64","102,17","104,64","95,48","104,64","81,87","95,48","104,64","95,48","104,64","104,64","104,64","104,64","95,48","102,17","95,48","104,64"
14/09/2024,,"100,32","98,58","101,11","101,11","101,11","101,11","101,11","98,58","101,11","98,58","101,11","101,11","98,58","101,11","98,58","98,58","98,58","98,58","101,11","101,11","101,11","98,58"
15/09/2024,,"91,87","88,37","97,96","97,96","95,60","97,96","97,96","88,37","97,96","88,37","95,60","97,96","88,37","97,96","88,37","88,37","88,37","88,37","97,96","97,96","97,96","88,37"
16/09/2024,,"108,73","102,29","116,79","116,79","116,79","28,34","116,79","102,29","116,79","102,29","116,79","116,79","102,29","116,79","102,29","102,29","102,29","102,29","116,79","116,79","116,79","102,29"
17/09/2024,,"108,75","106,34","111,15","111,15","111,15","33,81","111,15","106,34","111,15","106,34","111,15","111,15","106,34","111,15","106,34","106,34","106,34","106,34","111,15","111,15","111,15","106,34"
18/09/2024,,"112,57","110,12","114,28","114,45","114,28","35,75","114,28","110,12","114,28","110,12","114,28","117,25","110,12","114,28","110,12","110,12","110,12","110,12","117,25","114,28","114,28","110,12"
19/09/2024,,"110,36","109,49","110,78","110,78","95,64","0,00","110,78","109,49","110,78","109,49","95,64","125,40","109,49","110,78","109,49","109,49","109,49","109,49","125,40","110,78","110,78","109,49"
20/09/2024,,"117,47","115,59","120,83","117,74","112,79","0,00","117,74","115,59","117,74","115,59","112,79","144,09","115,59","117,74","115,59","115,59","115,59","115,59","144,09","117,74","117,74","115,59"
21/09/2024,,"101,43","100,39","113,94","101,44","85,95","0,00","101,44","100,39","101,44","100,39","85,95","113,94","100,39","101,44","100,39","100,39","100,39","100,39","113,94","101,44","101,44","100,39"
22/09/2024,,"104,73","101,13","114,77","105,13","105,42","0,00","105,42","101,13","105,42","101,13","105,42","114,77","101,13","105,42","101,13","101,13","101,13","101,13","114,77","105,42","105,42","101,13"
23/09/2024,,"130,92","130,69","130,90","130,90","120,77","0,00","130,90","130,69","130,90","130,69","120,77","134,52","130,69","130,90","130,69","130,69","130,69","130,69","134,52","130,90","130,90","130,69"
24/09/2024,,"106,53","106,03","106,01","106,03","106,01","0,00","106,01","106,03","106,01","106,03","106,01","113,67","106,03","106,01","106,03","106,03","106,03","106,03","113,67","106,01","106,01","106,03"
25/09/2024,,"113,51","113,41","113,41","113,41","106,41","41,50","113,41","113,41","113,41","113,41","106,41","119,19","113,41","113,41","113,41","113,41","113,41","113,41","119,19","113,41","113,41","113,41"
26/09/2024,,"108,28","109,08","107,05","109,08","105,83","0,00","107,09","109,08","107,05","109,08","105,83","108,39","109,08","107,05","109,08","109,08","109,08","109,08","108,39","107,09","107,05","109,08"
27/09/2024,,"114,96","114,37","120,48","114,37","112,43","0,00","113,51","114,37","113,51","114,37","112,43","126,04","114,37","113,51","114,37","114,37","114,37","114,37","126,04","113,51","113,51","114,37"
28/09/2024,,"103,92","104,42","114,77","104,42","73,90","0,00","102,72","104,42","102,72","104,42","73,90","119,61","104,42","102,72","104,42","104,42","104,42","104,42","119,61","102,72","102,72","104,42"
29/09/2024,,"81,61","92,05","78,22","83,90","77,23","0,00","78,22","92,05","78,22","92,05","77,23","78,22","92,05","78,22","92,05","92,05","92,05","92,05","78,22","78,22","78,22","92,05"
30/09/2024,,"114,65","114,87","114,87","114,87","104,44","0,00","114,87","114,87","114,87","114,87","104,44","118,62","114,87","114,87","114,87","114,87","114,87","114,87","118,62","114,87","114,87","114,87"
01/10/2024,,"124,83","123,92","127,05","123,92","115,08","0,00","127,05","123,92","127,05","123,92","115,08","135,13","123,92","127,05","123,92","123,92","123,92","123,92","135,13","127,05","127,05","123,92"
02/10/2024,,"126,39","125,06","124,96","127,97","124,96","0,00","124,96","125,06","124,96","125,06","124,96","126,66","125,06","124,96","125,06","125,06","125,06","125,06","126,66","124,96","124,96","125,06"
03/10/2024,,"115,45","115,62","115,45","115,62","115,45","0,00","115,45","115,62","115,45","115,62","115,45","115,45","115,62","115,45","115,62","115,62","115,62","115,62","115,45","115,45","115,45","115,62"
04/10/2024,,"113,60","115,40","108,00","115,40","66,97","0,00","108,00","115,40","108,00","115,40","66,97","113,84","115,40","108,00","115,40","115,40","115,40","115,40","113,84","108,00","108,00","115,40"
05/10/2024,,"110,33","110,31","113,94","110,08","87,86","0,00","113,94","110,31","113,94","110,31","87,86","113,94","110,31","113,94","110,31","110,31","110,31","110,31","113,94","113,94","113,94","110,31"
06/10/2024,,"111,76","110,72","115,92","109,43","114,47","0,00","115,92","110,72","115,92","110,72","114,47","117,31","110,72","115,92","110,72","110,72","110,72","110,72","117,31","115,92","115,92","110,72"
07/10/2024,,"122,47","119,00","123,77","119,00","123,77","0,00","123,77","119,00","123,77","119,00","123,77","153,12","119,00","123,77","119,00","119,00","119,00","119,00","153,12","123,77","123,77","119,00"
08/10/2024,,"115,32","113,99","113,67","113,99","113,67","0,00","113,67","113,99","113,67","113,99","113,67","113,48","113,99","113,67","113,99","113,99","113,99","113,99","113,48","113,67","113,67","113,99"
09/10/2024,,"110,85","107,74","104,96","107,74","103,04","0,00","104,96","107,74","104,96","107,74","103,04","140,52","107,74","104,96","107,74","107,74","107,74","107,74","140,52","104,96","104,96","107,74"
10/10/2024,,"111,09","107,14","107,07","107,14","83,83","0,00","107,07","107,14","107,07","107,14","83,83","153,52","107,14","107,07","107,14","107,14","107,14","107,14","153,52","107,07","107,07","107,14"
11/10/2024,,"102,79","100,05","102,51","100,05","90,17","0,00","102,51","100,05","102,51","100,05","90,17","129,32","100,05","102,51","100,05","100,05","100,05","100,05","129,32","102,51","102,51","100,05"
12/10/2024,,"98,60","84,43","113,45","84,43","113,45","0,00","113,45","84,43","113,45","84,43","113,45","130,17","84,43","113,45","84,43","84,43","84,43","84,43","130,17","113,45","113,45","84,43"
13/10/2024,,"96,75","91,36","97,73","91,36","97,02","0,00","97,73","91,36","97,73","91,36","97,02","123,33","91,36","97,73","91,36","91,36","91,36","91,36","123,33","97,73","97,73","91,36"
14/10/2024,,"117,08","110,59","119,91","110,59","119,91","0,00","119,91","110,59","119,91","110,59","119,91","147,89","110,59","119,91","110,59","110,59","110,59","110,59","147,89","119,91","119,91","110,59"
15/10/2024,,"112,91","108,59","118,18","108,59","118,18","0,00","118,18","108,59","118,18","108,59","118,18","139,22","108,59","118,18","108,59","108,59","108,59","108,59","139,22","118,18","118,18","108,59"
16/10/2024,,"117,08","113,63","120,57","113,63","120,57","0,00","120,57","113,63","120,57","113,63","120,57","141,02","113,63","120,57","113,63","113,63","113,63","113,63","141,02","120,57","120,57","113,63"
17/10/2024,,"0,00","0,00","0,00","0,00","0,00","0,00","0,00","0,00","0,00","0,00","0,00","0,00","0,00","0,00","0,00","0,00","0,00","0,00","0,00","0,00","0,00","0,00"
18/10/2024,,"124,76","123,11","123,78","123,78","123,78","43,12","123,78","123,11","123,78","123,11","123,78","141,70","123,11","123,78","123,11","123,11","123,11","123,11","141,70","123,78","123,78","123,11"
19/10/2024,,"108,65","109,00","109,00","109,00","109,00","37,58","109,00","109,00","109,00","109,00","109,00","117,95","109,00","109,00","109,00","109,00","109,00","109,00","117,95","109,00","109,00","109,00"
20/10/2024,,"116,89","115,28","115,28","115,28","115,28","115,28","115,28","115,28","115,28","115,28","115,28","133,36","115,28","115,28","115,28","115,28","115,28","115,28","133,36","115,28","115,28","115,28"
21/10/2024,,"127,50","126,41","126,41","126,41","126,41","126,41","126,41","126,41","126,41","126,41","126,41","141,69","126,41","126,41","126,41","126,41","126,41","126,41","141,69","126,41","126,41","126,41"
22/10/2024,,"121,50","120,61","116,09","121,51","121,51","121,51","121,51","120,61","121,51","120,61","121,51","131,10","120,61","121,51","120,61","120,61","120,61","120,61","131,10","121,51","121,51","120,61"
23/10/2024,,"120,72","118,63","132,95","118,63","118,63","118,63","118,63","118,63","118,63","118,63","118,63","156,50","118,63","118,63","118,63","118,63","118,63","118,63","156,50","118,63","118,63","118,63"
24/10/2024,,"124,78","118,64","131,35","125,44","125,44","125,44","125,44","118,64","125,44","118,64","125,44","153,35","118,64","125,44","118,64","118,64","118,64","118,64","153,35","125,44","125,44","118,64"
25/10/2024,,"119,61","116,21","124,64","119,67","119,67","119,67","119,67","116,21","119,67","116,21","119,67","139,97","116,21","119,67","116,21","116,21","116,21","116,21","139,97","119,67","119,67","116,21"
26/10/2024,,"119,19","115,61","121,54","121,54","121,54","121,54","121,54","115,61","121,54","115,61","121,54","121,54","115,61","121,54","115,61","115,61","115,61","115,61","121,54","121,54","121,54","115,61"
27/10/2024,,"117,17","115,08","118,06","117,27","118,06","118,06","118,06","115,08","118,06","115,08","118,06","118,06","115,08","118,06","115,08","115,08","115,08","115,08","118,06","118,06","118,06","115,08"
28/10/2024,,"123,80","120,44","127,00","127,00","127,00","127,00","127,00","120,44","127,00","120,44","127,00","127,00","120,44","127,00","120,44","120,44","120,44","120,44","127,00","127,00","127,00","120,44"
29/10/2024,,"126,19","125,86","128,13","128,13","128,13","128,13","128,13","125,86","128,13","125,86","128,13","128,13","125,86","128,13","125,86","125,86","125,86","125,86","128,13","128,13","128,13","125,86"
30/10/2024,,"0,00","0,00","0,00","0,00","0,00","0,00","0,00","0,00","0,00","0,00","0,00","0,00","0,00","0,00","0,00","0,00","0,00","0,00","0,00","0,00","0,00","0,00"
31/10/2024,,"120,85","118,59","121,97","120,66","120,66","120,66","120,66","118,59","120,66","118,59","120,66","148,98","118,59","120,66","118,59","118,59","118,59","118,59","148,98","120,66","120,66","118,59"
01/11/2024,,"111,40","106,82","136,68","110,61","110,61","110,61","110,61","106,82","110,61","106,82","110,61","148,11","106,82","110,61","106,82","106,82","106,82","106,82","148,11","110,61","110,61","106,82"
02/11/2024,,"117,26","111,63","127,03","117,87","117,87","117,87","117,87","111,63","117,87","111,63","117,87","129,38","111,63","117,87","111,63","111,63","111,63","111,63","129,38","117,87","117,87","111,63"
03/11/2024,,"109,07","106,66","110,73","110,73","110,73","110,73","110,73","106,66","110,73","106,66","110,73","110,73","106,66","110,73","106,66","106,66","106,66","106,66","110,73","110,73","110,73","106,66"
04/11/2024,,"121,69","121,34","122,20","122,20","122,20","122,20","122,20","121,34","122,20","121,34","122,20","122,20","121,34","122,20","121,34","121,34","121,34","121,34","122,20","122,20","122,20","121,34"
05/11/2024,,"121,86","121,76","121,90","121,90","121,90","121,90","121,90","121,76","121,90","121,76","121,90","121,90","121,76","121,90","121,76","121,76","121,76","121,76","121,90","121,90","121,90","121,76"
06/11/2024,,"123,73","123,73","123,73","123,73","123,73","123,73","123,73","123,73","123,73","123,73","123,73","123,73","123,73","123,73","123,73","123,73","123,73","123,73","123,73","123,73","123,73","123,73"
07/11/2024,,"124,14","124,27","123,58","124,27","124,27","124,27","124,27","124,27","123,58","124,27","124,27","123,58","124,27","123,58","124,27","124,27","124,27","124,27","123,58","124,27","123,58","124,27"
08/11/2024,,"121,88","120,32","123,65","123,65","123,65","123,65","123,65","120,32","123,65","120,32","123,65","123,65","120,32","123,65","120,32","120,32","120,32","120,32","123,65","123,65","123,65","120,32"
09/11/2024,,"122,54","121,67","125,85","125,85","125,85","125,85","125,85","121,67","125,85","121,67","125,85","125,85","121,67","125,85","121,67","121,67","121,67","121,67","125,85","125,85","125,85","121,67"
10/11/2024,,"119,83","119,84","119,84","119,84","119,84","119,84","119,84","119,84","119,84","119,84","119,84","119,84","119,84","119,84","119,84","119,84","119,84","119,84","119,84","119,84","119,84","119,84"
11/11/2024,,"127,70","127,66","128,37","128,37","128,37","128,37","128,37","127,66","128,37","127,66","128,37","128,37","127,66","128,37","127,66","127,66","127,66","127,66","128,37","128,37","128,37","127,66"
12/11/2024,,"138,85","139,24","133,09","139,24","139,03","139,24","139,03","139,24","139,03","139,24","139,03","133,09","139,24","139,03","139,24","139,24","139,24","139,24","133,09","139,03","139,03","139,24"
13/11/2024,,"138,33","138,73","135,29","138,73","138,73","138,73","138,73","138,73","138,73","138,73","138,73","135,29","138,73","138,73","138,73","138,73","138,73","138,73","135,29","138,73","138,73","138,73"
14/11/2024,,"136,91","136,91","136,91","136,91","136,91","136,91","136,91","136,91","136,91","136,91","136,91","136,91","136,91","136,91","136,91","136,91","136,91","136,91","136,91","136,91","136,91","136,91"
15/11/2024,,"132,69","132,88","131,31","132,88","132,88","132,88","132,88","132,88","131,31","132,88","132,88","131,31","132,88","131,31","132,88","132,88","132,88","132,88","131,31","132,88","131,31","132,88"
16/11/2024,,"133,52","132,05","134,92","132,05","134,92","134,92","134,92","132,05","134,92","132,05","134,92","134,92","132,05","134,92","132,05","132,05","132,05","132,05","134,92","134,92","134,92","132,05"
17/11/2024,,"125,73","125,09","127,13","125,09","127,13","127,13","127,13","125,09","127,13","125,09","127,13","127,13","125,09","127,13","125,09","125,09","125,09","125,09","127,13","127,13","127,13","125,09"
18/11/2024,,"135,28","135,06","135,06","135,06","135,06","135,06","135,06","135,06","135,06","135,06","135,06","136,15","135,06","135,06","135,06","135,06","135,06","135,06","136,15","135,06","135,06","135,06"
19/11/2024,,"139,35","140,46","135,83","140,46","139,89","140,46","139,89","140,46","135,83","140,46","139,89","135,83","140,46","135,83","140,46","140,46","140,46","140,46","135,83","139,89","135,83","140,46"
20/11/2024,,"133,40","133,51","132,86","133,51","133,51","133,51","133,51","133,51","132,86","133,51","133,51","132,86","133,51","132,86","133,51","133,51","133,51","133,51","132,86","133,51","132,86","133,51"
21/11/2024,,"136,41","136,42","136,42","136,42","136,42","125,13","136,42","136,42","136,42","136,42","136,42","136,42","136,42","136,42","136,42","136,42","136,42","136,42","136,42","136,42","136,42","136,42"
22/11/2024,,"140,58","141,22","136,34","141,22","140,47","141,22","140,47","141,22","136,34","141,22","140,47","136,34","141,22","136,34","141,22","141,22","141,22","141,22","136,34","140,47","136,34","141,22"
23/11/2024,,"141,85","140,99","142,20","142,20","142,20","142,20","142,20","140,99","142,20","140,99","142,20","146,27","140,99","142,20","140,99","140,99","140,99","140,99","146,27","142,20","142,20","140,99"
24/11/2024,,"130,54","129,58","131,35","131,35","131,35","131,35","131,35","129,58","131,35","129,58","131,35","131,35","129,58","131,35","129,58","129,58","129,58","129,58","131,35","131,35","131,35","129,58"
25/11/2024,,"140,27","139,66","140,37","140,37","140,37","140,37","140,37","139,66","140,37","139,66","140,37","150,19","139,66","140,37","139,66","139,66","139,66","139,66","150,19","140,37","140,37","139,66"
26/11/2024,,"145,74","150,75","143,06","150,75","143,06","150,75","143,06","150,75","143,06","150,75","143,06","143,06","150,75","143,06","150,75","150,75","150,75","150,75","143,06","143,06","143,06","150,75"
27/11/2024,,"147,80","158,04","145,11","158,04","145,16","158,04","145,16","158,04","145,11","158,04","145,16","145,11","158,04","145,11","158,04","158,04","158,04","158,04","145,11","145,16","145,11","158,04"
28/11/2024,,"142,25","145,64","140,71","145,64","140,71","145,64","140,71","145,64","140,71","145,64","140,71","141,39","145,64","140,71","145,64","145,64","145,64","145,64","141,39","140,71","140,71","145,64"
29/11/2024,,"133,85","133,81","133,81","133,81","133,81","133,81","133,81","133,81","133,81","133,81","133,81","133,81","133,81","133,81","133,81","133,81","133,81","133,81","133,81","133,81","133,81","133,81"
30/11/2024,,"125,95","125,96","125,96","125,96","125,96","125,96","125,96","125,96","125,96","125,96","125,96","125,96","125,96","125,96","125,96","125,96","125,96","125,96","125,96","125,96","125,96","125,96"
01/12/2024,,"119,45","119,44","119,44","119,44","119,44","119,44","119,44","119,44","119,44","119,44","119,44","119,44","119,44","119,44","119,44","119,44","119,44","119,44","119,44","119,44","119,44","119,44"
02/12/2024,,"139,00","137,40","140,91","140,91","140,91","140,91","140,91","137,40","140,91","137,40","140,91","143,63","137,40","140,91","137,40","137,40","137,40","137,40","143,63","140,91","140,91","137,40"
03/12/2024,,"157,76","158,37","157,51","158,37","147,43","158,37","158,08","158,37","158,08","158,37","147,43","157,51","158,37","158,08","158,37","158,37","158,37","158,37","157,51","158,08","158,08","158,37"
04/12/2024,,"168,42","170,30","156,05","170,30","169,53","170,30","169,53","170,30","169,53","170,30","169,53","156,05","170,30","169,53","170,30","170,30","170,30","170,30","156,05","169,53","169,53","170,30"
05/12/2024,,"142,34","142,53","141,49","142,53","142,53","142,53","142,53","142,53","142,53","142,53","142,53","141,49","142,53","142,53","142,53","142,53","142,53","142,53","141,49","142,53","142,53","142,53"
06/12/2024,,"145,26","145,45","141,86","145,45","145,45","145,45","145,45","145,45","145,45","145,45","145,45","141,86","145,45","145,45","145,45","145,45","145,45","145,45","141,86","145,45","145,45","145,45"
07/12/2024,,"134,70","134,41","135,48","135,48","135,48","135,48","135,48","134,41","135,48","134,41","135,48","135,48","134,41","135,48","134,41","134,41","134,41","134,41","135,48","135,48","135,48","134,41"
08/12/2024,,"132,43","132,64","132,20","132,64","132,64","132,64","132,64","132,64","132,20","132,64","132,64","132,20","132,64","132,20","132,64","132,64","132,64","132,64","132,20","132,64","132,20","132,64"
09/12/2024,,"134,44","134,63","133,88","134,63","134,63","134,63","134,63","134,63","133,88","134,63","134,63","133,88","134,63","133,88","134,63","134,63","134,63","134,63","133,88","134,63","133,88","134,63"
10/12/2024,,"0,00","0,00","0,00","0,00","0,00","0,00","0,00","0,00","0,00","0,00","0,00","0,00","0,00","0,00","0,00","0,00","0,00","0,00","0,00","0,00","0,00","0,00"
11/12/2024,,"177,09","188,01","161,92","188,01","188,01","188,01","188,01","188,01","174,37","188,01","188,01","161,92","188,01","174,37","188,01","188,01","188,01","188,01","161,92","188,01","174,37","188,01"
12/12/2024,,"170,36","178,17","150,64","178,17","171,93","178,17","171,93","178,17","166,27","178,17","171,93","150,64","178,17","166,27","178,17","178,17","178,17","178,17","150,64","171,93","166,27","178,17"
13/12/2024,,"163,82","174,77","146,13","174,77","174,77","174,77","174,77","174,77","160,54","174,77","174,77","146,13","174,77","160,54","174,77","174,77","174,77","174,77","146,13","174,77","160,54","174,77"
14/12/2024,,"128,73","127,21","131,36","131,36","131,36","131,36","131,36","127,21","131,36","127,21","131,36","131,36","127,21","131,36","127,21","127,21","127,21","127,21","131,36","131,36","131,36","127,21"
15/12/2024,,"119,40","119,40","119,40","119,40","119,40","119,40","119,40","119,40","119,40","119,40","119,40","119,40","119,40","119,40","119,40","119,40","119,40","119,40","119,40","119,40","119,40","119,40"
16/12/2024,,"127,96","127,23","128,59","129,10","129,10","129,10","129,10","127,23","129,10","127,23","129,10","128,59","127,23","129,10","127,23","127,23","127,23","127,23","128,59","129,10","129,10","127,23"
17/12/2024,,"138,20","138,28","138,28","138,28","138,28","138,28","138,28","138,28","138,28","138,28","138,28","138,28","138,28","138,28","138,28","138,28","138,28","138,28","138,28","138,28","138,28","138,28"
18/12/2024,,"125,63","124,67","126,44","127,38","127,38","127,38","127,38","124,67","126,44","124,67","127,38","126,44","124,67","126,44","124,67","124,67","124,67","124,67","126,44","127,38","126,44","124,67"
19/12/2024,,"120,90","120,73","120,96","120,96","120,96","120,96","120,96","120,73","120,96","120,73","120,96","120,96","120,73","120,96","120,73","120,73","120,73","120,73","120,96","120,96","120,96","120,73"
20/12/2024,,"113,03","114,60","107,98","114,60","114,60","114,60","114,60","114,60","107,98","114,60","114,60","107,98","114,60","107,98","114,60","114,60","114,60","114,60","107,98","114,60","107,98","114,60"
21/12/2024,,"102,28","103,38","97,89","103,51","103,51","103,51","103,51","103,38","97,89","103,38","103,51","97,89","103,38","97,89","103,38","103,38","103,38","103,38","97,89","103,51","97,89","103,38"
22/12/2024,,"111,15","110,85","111,52","111,07","111,52","111,52","111,52","110,85","111,52","110,85","111,52","111,52","110,85","111,52","110,85","110,85","110,85","110,85","111,52","111,52","111,52","110,85"
23/12/2024,,"99,90","99,93","99,26","99,93","99,93","99,93","99,93","99,93","99,25","99,93","99,93","99,26","99,93","99,25","99,93","99,93","99,93","99,93","99,26","99,93","99,25","99,93"
24/12/2024,,"118,64","119,79","115,73","119,79","119,79","119,79","119,79","119,79","115,73","119,79","119,79","115,73","119,79","115,73","119,79","119,79","119,79","119,79","115,73","119,79","115,73","119,79"
25/12/2024,,"106,96","109,76","101,75","109,76","103,68","109,76","109,76","109,76","101,75","109,76","103,68","101,75","109,76","101,75","109,76","109,76","109,76","109,76","101,75","109,76","101,75","109,76"
26/12/2024,,"120,33","120,43","120,90","120,43","120,43","120,43","120,43","120,43","120,07","120,43","120,43","120,90","120,43","120,07","120,43","120,43","120,43","120,43","120,90","120,43","120,07","120,43"
27/12/2024,,"129,66","129,68","129,68","129,68","129,68","129,68","129,68","129,68","129,68","129,68","129,68","129,68","129,68","129,68","129,68","129,68","129,68","129,68","129,68","129,68","129,68","129,68"
28/12/2024,,"130,55","130,55","130,55","130,55","130,55","130,55","130,55","130,55","130,55","130,55","130,55","130,55","130,55","130,55","130,55","130,55","130,55","130,55","130,55","130,55","130,55","130,55"
29/12/2024,,"136,78","136,78","136,78","136,78","136,78","136,78","136,78","136,78","136,78","136,78","136,78","136,78","136,78","136,78","136,78","136,78","136,78","136,78","136,78","136,78","136,78","136,78"
30/12/2024,,"140,10","139,32","142,26","142,26","142,26","142,26","142,26","139,32","142,26","139,32","142,26","142,26","139,32","142,26","139,32","139,32","139,32","139,32","142,26","142,26","142,26","139,32"
31/12/2024,,"138,82","137,89","139,33","139,08","139,33","139,33","139,33","137,89","139,33","137,89","139,33","139,33","137,89","139,33","137,89","137,89","137,89","137,89","139,33","139,33","139,33","137,89"
