Data,Italia (senza vincoli),Austria,Calabria,Centro Nord,Corsica AC,Corsica,Centro Sud,Francia,Grecia,Nord,Sardegna,Sicilia,Slovenia,Sud,Svizzera,Slovenia Coupling,Francia Coupling,Austria Coupling,Malta,Montenegro,Grecia Coupling,Italia  Coupling,Totale Italia
01/01/2024,"30.959,644","0,000","372,872","985,118","0,000","0,000","6.658,023","0,000","0,000","21.443,698","457,376","1.382,555","0,000","7.334,131","840,000","0,000","0,000","0,000","0,000","336,250","49,811","0,000","39.859,834"
02/01/2024,"34.340,495","0,000","592,074","2.090,520","0,000","0,000","6.942,282","0,000","0,000","21.565,206","1.852,331","2.428,642","0,000","5.058,801","959,153","0,000","0,000","0,000","33,000","245,023","12,783","0,000","41.779,815"
03/01/2024,"34.246,175","0,000","1.435,158","3.568,018","0,000","0,000","2.789,213","0,000","0,000","23.632,689","1.829,597","6.745,780","0,000","7.287,533","756,981","0,000","0,000","0,000","253,000","25,750","129,176","0,000","48.452,895"
04/01/2024,"32.993,128","0,000","510,476","2.512,700","0,000","0,000","2.862,750","0,000","0,000","26.574,382","738,214","2.810,439","0,000","5.863,374","2.112,961","9,100","0,000","0,000","13,000","217,250","266,964","0,000","44.491,610"
05/01/2024,"33.275,367","0,000","480,778","5.925,783","0,000","0,000","9.474,655","0,000","0,000","21.395,923","418,466","1.515,666","0,000","6.170,767","915,347","0,000","0,000","0,000","0,000","55,000","6,966","0,000","46.359,351"
06/01/2024,"26.304,331","0,000","1.071,685","1.634,114","0,000","0,000","3.136,993","0,000","0,000","14.154,029","1.195,311","2.576,637","0,000","3.207,552","357,500","19,500","0,000","0,000","0,000","55,000","0,000","0,000","27.408,321"
07/01/2024,"20.967,803","0,000","671,408","1.488,849","0,000","0,000","2.988,205","0,000","0,000","11.512,973","332,906","1.662,772","0,000","3.592,071","1.057,679","33,300","0,000","0,000","22,000","50,000","0,000","0,000","23.412,163"
08/01/2024,"35.099,853","0,000","508,528","2.747,902","0,000","0,000","7.892,346","0,000","0,000","23.976,782","546,866","2.491,149","0,000","8.962,840","1.731,964","16,000","0,000","0,000","193,000","146,428","120,338","0,000","49.334,143"
09/01/2024,"46.833,473","0,000","573,175","3.310,523","0,000","0,000","9.877,851","0,000","0,000","27.645,788","591,286","2.291,620","0,000","6.979,667","2.403,641","306,438","0,000","0,000","107,000","465,000","72,099","0,000","54.624,088"
10/01/2024,"44.129,849","0,000","834,612","3.798,838","0,000","0,000","8.020,778","0,000","0,000","25.096,788","790,881","3.853,404","0,000","4.944,299","2.173,222","75,076","0,000","0,000","17,000","632,500","572,451","0,000","50.809,849"
11/01/2024,"49.377,750","0,000","764,658","3.128,440","0,000","0,000","12.802,948","0,000","0,000","24.090,411","831,222","3.664,786","0,000","5.304,542","1.635,000","316,100","0,000","0,000","0,000","1.089,500","170,043","0,000","53.797,650"
12/01/2024,"41.750,126","0,000","399,414","5.138,644","0,000","0,000","7.151,722","0,000","0,000","18.835,694","483,830","3.700,429","0,000","5.946,696","2.541,260","748,395","0,000","0,000","0,000","835,000","249,520","0,000","46.030,604"
13/01/2024,"36.271,359","0,000","1.112,080","1.804,706","0,000","0,000","5.156,703","0,000","0,000","30.297,818","2.189,407","1.698,823","0,000","7.603,994","870,000","31,000","0,000","0,000","44,000","476,000","265,228","0,000","51.549,759"
14/01/2024,"28.616,594","0,000","1.178,412","1.591,614","0,000","0,000","3.676,820","0,000","0,000","16.745,520","757,155","2.144,986","0,000","3.565,388","1.500,000","0,000","0,000","0,000","50,000","842,500","527,489","0,000","32.579,884"
15/01/2024,"46.244,997","0,000","816,518","2.129,409","0,000","0,000","9.461,301","0,000","0,000","34.010,003","1.844,185","2.304,651","0,000","6.896,298","1.866,000","40,000","0,000","0,000","1.323,011","537,500","123,579","0,000","61.352,455"
16/01/2024,"46.282,943","0,000","1.126,082","3.982,115","0,000","0,000","7.142,001","0,000","0,000","22.803,235","1.180,531","5.222,850","0,000","6.078,689","2.490,916","138,400","0,000","0,000","15,000","2.001,500","330,436","0,000","52.511,755"
17/01/2024,"44.302,809","0,000","741,711","2.200,722","0,000","0,000","9.310,363","0,000","0,000","21.781,832","2.437,119","4.223,176","0,000","5.500,061","3.167,051","356,053","0,000","0,000","22,000","932,500","2,807","0,000","50.675,395"
18/01/2024,"42.632,985","0,000","958,810","3.150,780","0,000","0,000","6.622,312","0,000","0,000","21.957,417","3.109,254","2.250,323","0,000","7.460,581","865,286","268,238","0,000","0,000","0,000","553,626","888,742","0,000","48.085,369"
19/01/2024,"38.512,079","0,000","545,293","2.015,072","0,000","0,000","5.335,141","0,000","0,000","32.344,593","559,948","5.750,915","0,000","4.699,119","1.022,500","0,100","0,000","0,000","25,000","198,000","192,468","0,000","52.688,149"
20/01/2024,"36.311,729","0,000","753,422","2.155,249","0,000","0,000","6.010,911","0,000","0,000","27.509,595","514,543","4.379,256","0,000","9.177,146","660,000","0,000","0,000","0,000","21,000","424,000","13,957","0,000","51.619,079"
21/01/2024,"25.872,992","0,000","405,849","2.053,306","0,000","0,000","3.792,507","0,000","0,000","13.362,180","1.595,776","1.441,313","0,000","2.098,042","907,500","0,000","0,000","0,000","54,000","779,750","156,915","0,000","26.647,138"
22/01/2024,"36.895,467","0,000","618,470","2.575,318","0,000","0,000","3.903,492","0,000","0,000","28.258,594","419,123","4.970,839","0,000","3.906,522","887,500","30,200","0,000","0,000","0,000","667,500","377,051","0,000","46.614,609"
23/01/2024,"43.120,440","0,000","695,589","2.211,900","0,000","0,000","6.525,361","0,000","0,000","29.423,599","989,124","2.652,135","0,000","6.332,201","377,500","295,600","0,000","0,000","31,000","906,000","136,352","0,000","50.576,361"
24/01/2024,"47.249,341","0,000","799,381","3.190,359","0,000","0,000","5.769,722","0,000","0,000","29.113,931","440,563","3.487,509","0,000","9.398,130","380,000","224,600","0,000","0,000","10,000","690,500","166,601","0,000","53.671,296"
25/01/2024,"44.633,341","0,000","904,215","3.269,045","0,000","0,000","6.270,534","0,000","0,000","25.515,170","1.079,714","4.071,223","0,000","8.011,346","1.333,101","46,800","0,000","0,000","144,000","740,250","88,829","0,000","51.474,227"
26/01/2024,"39.127,331","0,000","1.840,006","2.971,972","0,000","0,000","5.652,313","0,000","0,000","22.058,446","414,463","2.669,874","0,000","5.807,398","1.147,500","0,200","0,000","0,000","47,000","796,500","420,739","0,000","43.826,411"
27/01/2024,"34.868,163","0,000","687,695","2.552,186","0,000","0,000","9.052,731","0,000","0,000","20.897,044","1.137,014","2.478,764","0,000","3.196,158","1.058,259","0,000","0,000","0,000","1.338,000","600,000","703,212","0,000","43.701,063"
28/01/2024,"23.238,178","0,000","941,778","2.479,166","0,000","0,000","3.782,826","0,000","0,000","14.529,560","570,695","4.480,786","0,000","2.569,431","926,138","0,300","0,000","0,000","13,000","896,148","39,665","0,000","31.229,493"
29/01/2024,"44.739,266","0,000","621,717","2.136,986","0,000","0,000","6.883,427","0,000","0,000","30.129,647","2.355,802","2.618,691","0,000","7.497,926","1.473,571","289,500","0,000","0,000","10,000","653,750","294,038","0,000","54.965,055"
30/01/2024,"45.867,337","0,000","654,930","2.531,464","0,000","0,000","11.239,632","0,000","0,000","28.276,875","1.470,754","2.330,572","0,000","4.236,192","820,000","0,000","0,000","0,000","5,000","837,250","637,215","0,000","53.039,884"
31/01/2024,"39.536,890","0,000","721,208","3.554,002","0,000","0,000","7.985,323","0,000","0,000","22.942,489","717,909","3.354,997","0,000","3.702,077","1.160,000","344,541","0,000","0,000","75,000","774,000","66,584","0,000","45.398,130"
01/02/2024,"45.481,943","0,000","698,876","2.244,989","0,000","0,000","13.797,688","0,000","0,000","24.601,562","1.340,515","4.204,503","0,000","3.783,546","940,000","90,000","0,000","0,000","0,000","756,000","46,024","0,000","52.503,703"
02/02/2024,"45.256,764","0,000","1.323,137","3.158,591","0,000","0,000","7.503,639","0,000","0,000","23.141,177","3.572,558","2.862,240","0,000","4.498,322","1.046,739","0,000","0,000","0,000","0,000","629,115","175,744","0,000","47.911,262"
03/02/2024,"33.826,527","0,000","519,459","3.038,405","0,000","0,000","4.718,676","0,000","0,000","24.986,697","558,756","2.121,785","0,000","8.069,893","583,509","0,000","0,000","0,000","0,000","304,000","23,599","0,000","44.924,779"
04/02/2024,"24.789,689","0,000","470,754","1.443,826","0,000","0,000","2.993,281","0,000","0,000","19.491,141","350,892","2.159,731","0,000","7.892,773","650,971","0,000","0,000","0,000","0,000","567,250","100,980","0,000","36.121,599"
05/02/2024,"41.684,150","0,000","505,191","2.312,247","0,000","0,000","5.152,455","0,000","0,000","23.513,060","1.993,967","3.000,462","0,000","13.181,373","786,010","0,000","0,000","0,000","0,000","512,500","27,235","0,000","50.984,500"
06/02/2024,"39.842,849","0,000","802,379","2.669,739","0,000","0,000","5.796,705","0,000","0,000","23.955,471","2.486,048","2.813,029","0,000","7.961,642","608,000","0,000","0,000","0,000","66,000","516,250","107,177","0,000","47.782,440"
07/02/2024,"44.043,368","0,000","1.309,640","3.729,796","0,000","0,000","7.385,065","0,000","0,000","25.818,342","3.196,169","3.862,758","0,000","4.602,976","1,000","24,000","0,000","0,000","0,000","255,000","59,825","0,000","50.244,571"
08/02/2024,"42.405,916","0,000","1.022,475","3.639,635","0,000","0,000","6.123,667","0,000","0,000","30.503,257","942,563","4.130,865","0,000","7.653,434","1.056,250","92,646","0,000","0,000","0,000","239,250","320,095","0,000","55.724,137"
09/02/2024,"46.531,622","0,000","765,040","2.249,242","0,000","0,000","9.644,231","0,000","0,000","36.941,099","459,904","2.875,780","0,000","3.848,853","907,500","0,000","0,000","0,000","29,442","328,235","0,000","0,000","58.049,326"
10/02/2024,"31.924,373","0,000","712,488","7.915,698","0,000","0,000","3.527,007","0,000","0,000","23.979,899","347,722","2.233,709","0,000","2.829,850","985,662","61,053","0,000","0,000","0,000","150,750","65,575","0,000","42.809,413"
11/02/2024,"25.214,038","0,000","533,160","2.395,602","0,000","0,000","2.612,383","0,000","0,000","16.408,416","985,814","2.258,868","0,000","1.798,261","1.383,540","523,874","0,000","0,000","0,000","780,029","179,422","0,000","29.859,369"
12/02/2024,"40.884,170","0,000","685,468","3.406,942","0,000","0,000","8.786,993","0,000","0,000","16.007,589","1.404,101","8.445,431","0,000","4.327,216","622,500","0,000","0,000","0,000","83,000","341,250","0,000","0,000","44.110,490"
13/02/2024,"41.318,172","0,000","732,896","2.366,454","0,000","0,000","9.747,817","0,000","0,000","31.023,370","1.872,068","3.777,488","0,000","9.177,537","187,500","132,400","0,000","0,000","8,000","227,500","30,812","0,000","59.283,842"
14/02/2024,"54.576,271","0,000","593,591","2.610,018","0,000","0,000","18.976,458","0,000","0,000","25.980,090","2.644,262","4.712,759","0,000","6.210,231","240,000","32,800","0,000","0,000","17,000","611,500","0,000","0,000","62.628,709"
15/02/2024,"37.993,128","0,000","849,481","3.226,071","0,000","0,000","6.791,113","0,000","0,000","21.218,088","564,801","3.060,083","0,000","2.937,180","874,163","249,336","0,000","0,000","32,000","547,500","84,292","0,000","40.434,108"
16/02/2024,"43.772,376","0,000","562,740","2.356,869","0,000","0,000","16.785,167","0,000","0,000","17.158,993","389,665","4.783,813","0,000","2.918,320","602,014","0,000","0,000","0,000","0,000","248,750","0,000","0,000","45.806,331"
17/02/2024,"33.403,956","0,000","665,583","2.453,669","0,000","0,000","5.428,920","0,000","0,000","16.811,552","865,315","4.598,774","0,000","11.316,905","602,666","60,809","0,000","0,000","11,000","313,750","9,993","0,000","43.138,936"
18/02/2024,"30.072,064","0,000","644,342","3.095,111","0,000","0,000","6.329,627","0,000","0,000","20.423,858","1.090,037","1.555,742","0,000","8.067,752","30,953","10,079","0,000","0,000","0,000","102,000","48,053","0,000","41.397,554"
19/02/2024,"34.594,790","0,000","1.445,708","2.859,659","0,000","0,000","4.374,538","0,000","0,000","17.429,102","940,636","3.412,691","0,000","6.133,793","439,674","2,000","0,000","0,000","0,000","242,500","220,935","0,000","37.501,236"
20/02/2024,"36.288,862","0,000","1.724,646","2.388,118","0,000","0,000","5.507,479","0,000","0,000","20.518,249","682,955","2.208,223","0,000","8.342,770","119,510","0,000","0,000","0,000","117,000","55,000","223,492","0,000","41.887,442"
21/02/2024,"39.972,659","0,000","777,423","2.875,316","0,000","0,000","8.105,555","0,000","0,000","28.760,329","364,734","3.316,490","0,000","6.170,571","155,000","11,700","0,000","0,000","0,000","130,748","220,990","0,000","50.888,856"
22/02/2024,"43.660,672","0,000","823,628","2.760,011","0,000","0,000","5.872,035","0,000","0,000","27.131,789","831,675","3.160,814","0,000","8.479,301","809,312","0,000","0,000","0,000","150,000","431,488","75,563","0,000","50.525,616"
23/02/2024,"38.925,769","0,000","509,909","1.926,185","0,000","0,000","6.422,080","0,000","0,000","28.934,554","1.421,426","5.407,423","0,000","7.007,206","495,000","21,200","0,000","0,000","0,000","143,750","159,152","0,000","52.447,885"
24/02/2024,"34.405,443","0,000","661,542","2.541,016","0,000","0,000","11.027,600","0,000","0,000","15.998,269","903,569","2.468,858","0,000","6.663,655","325,509","0,000","0,000","0,000","47,000","0,000","27,868","0,000","40.664,886"
25/02/2024,"33.640,148","0,000","742,120","4.663,708","0,000","0,000","3.986,227","0,000","0,000","14.982,226","520,939","6.520,217","0,000","3.973,054","535,000","0,000","0,000","0,000","3,000","262,500","742,355","0,000","36.931,346"
26/02/2024,"39.057,304","0,000","671,207","2.203,409","0,000","0,000","4.036,644","0,000","0,000","26.751,328","617,030","4.328,623","0,000","4.971,155","1.415,000","124,400","0,000","0,000","0,000","555,000","81,513","0,000","45.755,309"
27/02/2024,"41.311,911","0,000","984,564","2.983,474","0,000","0,000","4.793,593","0,000","0,000","26.853,371","1.537,811","2.932,163","0,000","4.002,117","1.205,000","9,864","0,000","0,000","0,000","340,000","515,346","0,000","46.157,303"
28/02/2024,"43.846,124","0,000","1.030,072","2.683,184","0,000","0,000","9.059,644","0,000","0,000","18.824,978","2.158,261","4.818,394","0,000","5.567,578","1.195,000","169,860","0,000","0,000","55,000","192,500","11,792","0,000","45.766,263"
29/02/2024,"43.072,108","0,000","607,721","2.768,840","0,000","0,000","8.680,312","0,000","0,000","25.198,381","2.264,218","5.333,914","0,000","5.634,186","427,500","6,200","0,000","0,000","0,000","245,000","147,245","0,000","51.313,517"
01/03/2024,"40.574,141","0,000","898,944","3.523,617","0,000","0,000","7.700,976","0,000","0,000","22.248,123","1.468,865","4.600,794","0,000","4.966,022","525,000","0,000","0,000","0,000","85,000","377,500","0,000","0,000","46.394,841"
02/03/2024,"33.337,327","0,000","1.536,347","3.613,979","0,000","0,000","4.091,653","0,000","0,000","20.319,757","503,672","1.807,964","0,000","4.177,831","815,000","82,400","0,000","0,000","53,000","258,000","279,164","0,000","37.538,767"
03/03/2024,"27.865,441","0,000","488,898","2.507,717","0,000","0,000","2.787,240","0,000","0,000","15.977,661","355,661","4.936,850","0,000","2.368,874","255,000","3,400","0,000","0,000","0,000","26,000","54,320","0,000","29.761,621"
04/03/2024,"45.942,272","0,000","828,144","2.626,239","0,000","0,000","10.073,186","0,000","0,000","23.600,741","440,475","3.156,222","0,000","8.973,913","770,000","20,280","0,000","0,000","47,000","202,000","78,132","0,000","50.816,332"
05/03/2024,"44.945,049","0,000","1.427,355","2.646,983","0,000","0,000","8.558,306","0,000","0,000","25.136,041","1.414,307","5.432,887","0,000","6.963,602","665,000","1,700","0,000","0,000","32,120","307,000","0,000","0,000","52.585,301"
06/03/2024,"44.525,858","0,000","579,165","2.811,304","0,000","0,000","11.797,636","0,000","0,000","27.290,856","1.114,345","5.003,020","0,000","4.449,755","794,103","94,200","0,000","0,000","5,000","116,000","97,627","0,000","54.153,011"
07/03/2024,"40.017,176","0,000","2.255,564","3.011,481","0,000","0,000","6.397,026","0,000","0,000","22.983,616","1.396,281","3.062,486","0,000","6.539,232","731,500","18,300","0,000","0,000","156,000","302,321","29,166","0,000","46.882,973"
08/03/2024,"41.248,764","0,000","1.920,884","2.671,098","0,000","0,000","6.061,832","0,000","0,000","25.317,256","619,947","3.960,033","0,000","3.761,310","555,000","0,000","0,000","0,000","47,000","189,500","143,243","0,000","45.247,103"
09/03/2024,"35.362,547","0,000","1.032,516","2.751,757","0,000","0,000","6.392,648","0,000","0,000","20.853,514","3.266,491","2.687,846","0,000","4.925,436","366,673","0,000","0,000","0,000","49,000","162,000","8,560","0,000","42.496,441"
10/03/2024,"26.789,991","0,000","468,735","1.914,077","0,000","0,000","4.100,920","0,000","0,000","15.211,581","676,195","4.107,502","0,000","2.641,680","429,000","0,000","0,000","0,000","0,000","116,000","128,063","0,000","29.793,753"
11/03/2024,"33.404,611","0,000","567,080","2.264,368","0,000","0,000","4.650,780","0,000","0,000","20.767,959","593,696","3.568,823","0,000","4.094,804","765,000","0,000","0,000","0,000","58,000","112,500","113,029","0,000","37.556,039"
12/03/2024,"44.317,029","0,000","407,829","1.430,540","0,000","0,000","5.870,046","0,000","0,000","25.729,572","2.100,476","7.769,477","0,000","5.936,139","1.046,434","98,213","0,000","0,000","0,000","373,500","0,000","0,000","50.762,226"
13/03/2024,"37.759,398","0,000","1.034,085","2.304,265","0,000","0,000","5.118,574","0,000","0,000","25.522,076","721,013","2.549,654","0,000","3.846,731","791,927","52,200","0,000","0,000","0,000","247,500","67,333","0,000","42.255,358"
14/03/2024,"37.895,773","0,000","1.617,100","3.584,963","0,000","0,000","4.016,763","0,000","0,000","21.153,674","501,770","2.810,431","0,000","3.841,370","1.084,448","214,902","0,000","0,000","5,000","200,000","113,807","0,000","39.144,228"
15/03/2024,"39.097,121","0,000","950,543","2.661,945","0,000","0,000","9.768,221","0,000","0,000","14.978,469","296,446","7.669,191","0,000","4.035,906","470,000","4,800","0,000","0,000","77,405","226,043","106,302","0,000","41.245,271"
16/03/2024,"33.046,106","0,000","569,520","3.417,526","0,000","0,000","6.704,281","0,000","0,000","16.657,218","873,937","3.582,603","0,000","4.147,263","650,000","10,400","0,000","0,000","15,000","280,000","46,695","0,000","36.954,443"
17/03/2024,"22.035,711","0,000","453,189","1.369,357","0,000","0,000","3.625,242","0,000","0,000","10.130,484","476,899","3.622,336","0,000","4.046,963","545,498","2,600","0,000","0,000","147,000","315,000","0,000","0,000","24.734,568"
18/03/2024,"38.253,668","0,000","1.088,336","2.856,895","0,000","0,000","6.822,386","0,000","0,000","17.477,602","1.626,041","4.029,011","0,000","8.185,195","773,736","257,000","0,000","0,000","52,000","357,500","95,330","0,000","43.621,032"
19/03/2024,"38.536,643","0,000","812,706","2.547,414","0,000","0,000","5.563,581","0,000","0,000","25.992,077","816,878","4.600,825","0,000","6.772,326","375,000","25,479","0,000","0,000","52,000","151,000","137,262","0,000","47.846,548"
20/03/2024,"40.410,184","0,000","998,713","2.974,219","0,000","0,000","3.853,818","0,000","0,000","23.551,659","875,595","5.170,295","0,000","5.103,976","583,000","207,661","0,000","0,000","50,000","131,000","482,658","0,000","43.982,594"
21/03/2024,"34.834,174","0,000","633,414","2.528,317","0,000","0,000","5.909,336","0,000","0,000","20.911,292","512,235","1.991,098","0,000","6.507,769","475,000","157,699","0,000","0,000","29,000","329,000","0,000","0,000","39.984,160"
22/03/2024,"34.764,030","0,000","694,918","4.247,330","0,000","0,000","5.201,762","0,000","0,000","12.707,367","453,863","2.259,303","0,000","10.349,601","71,000","160,000","0,000","0,000","0,000","149,000","13,563","0,000","36.307,707"
23/03/2024,"27.835,716","0,000","417,198","2.443,155","0,000","0,000","4.228,787","0,000","0,000","19.302,460","534,855","1.126,674","0,000","1.352,367","210,000","0,000","0,000","0,000","11,000","214,000","37,878","0,000","29.878,374"
24/03/2024,"30.742,127","0,000","1.112,361","2.925,630","0,000","0,000","6.338,285","0,000","0,000","14.315,374","979,440","1.231,736","0,000","2.576,471","115,000","0,000","0,000","0,000","0,000","230,000","31,555","0,000","29.855,852"
25/03/2024,"38.802,739","0,000","843,627","2.585,968","0,000","0,000","6.672,310","0,000","0,000","23.230,332","448,517","2.511,917","0,000","6.829,647","476,500","200,389","0,000","0,000","152,000","336,000","62,272","0,000","44.349,479"
26/03/2024,"52.520,266","0,000","1.089,469","5.722,273","0,000","0,000","11.241,751","0,000","0,000","31.264,514","1.465,268","5.458,760","0,000","5.878,201","500,000","0,000","0,000","0,000","0,000","230,000","0,000","0,000","62.850,236"
27/03/2024,"40.718,207","0,000","595,201","2.576,224","0,000","0,000","8.860,977","0,000","0,000","23.587,409","722,093","2.836,339","0,000","9.392,691","1.060,000","60,200","0,000","0,000","139,155","167,000","78,359","0,000","50.075,648"
28/03/2024,"48.502,137","0,000","604,168","2.606,346","0,000","0,000","9.826,417","0,000","0,000","26.491,335","2.725,618","3.147,497","0,000","7.981,304","699,000","0,000","0,000","0,000","0,000","122,000","905,487","0,000","55.109,172"
29/03/2024,"45.775,537","0,000","417,310","2.244,011","0,000","0,000","7.669,639","0,000","0,000","31.395,937","1.288,002","1.786,673","0,000","9.150,637","10,000","0,000","0,000","0,000","50,000","20,000","62,348","0,000","54.094,557"
30/03/2024,"27.429,131","0,000","378,686","1.708,504","0,000","0,000","6.955,771","0,000","0,000","21.269,301","1.696,047","3.148,623","0,000","1.987,052","0,000","0,000","0,000","0,000","105,000","90,000","359,044","0,000","37.698,028"
31/03/2024,"28.747,264","0,000","919,425","2.220,870","0,000","0,000","8.362,064","0,000","0,000","13.595,523","1.097,136","2.019,795","0,000","4.991,776","116,000","2,600","0,000","0,000","0,000","40,000","147,505","0,000","33.512,694"
01/04/2024,"23.388,613","0,000","270,217","1.319,450","0,000","0,000","5.316,939","0,000","0,000","16.308,136","614,353","1.246,792","0,000","2.382,296","165,000","0,000","0,000","0,000","80,000","160,000","67,559","0,000","27.930,742"
02/04/2024,"36.982,782","0,000","1.414,853","1.740,475","0,000","0,000","4.472,388","0,000","0,000","21.244,444","412,742","6.267,407","0,000","6.228,300","102,599","0,000","0,000","0,000","32,000","109,000","198,826","0,000","42.223,034"
03/04/2024,"42.768,297","0,000","2.486,131","2.980,402","0,000","0,000","5.466,198","0,000","0,000","30.506,375","540,952","2.500,484","0,000","3.616,930","781,268","454,202","0,000","0,000","111,000","326,000","140,710","0,000","49.910,652"
04/04/2024,"39.704,604","0,000","410,077","2.884,993","0,000","0,000","5.208,839","0,000","0,000","32.906,332","1.077,325","4.346,369","0,000","6.828,054","335,000","11,600","0,000","0,000","0,000","135,000","30,306","0,000","54.173,895"
05/04/2024,"39.986,102","0,000","566,137","2.327,001","0,000","0,000","6.895,768","0,000","0,000","23.380,877","240,272","4.109,712","0,000","5.798,670","340,000","0,000","0,000","0,000","0,000","120,000","0,000","0,000","43.778,437"
06/04/2024,"32.181,264","0,000","685,650","2.986,624","0,000","0,000","8.300,885","0,000","0,000","16.620,238","435,178","2.893,169","0,000","2.816,547","877,644","2,200","0,000","0,000","30,000","380,000","80,353","0,000","36.108,488"
07/04/2024,"26.314,586","0,000","1.009,674","2.061,781","0,000","0,000","2.979,985","0,000","0,000","12.028,202","1.035,724","4.338,875","0,000","2.756,814","700,000","32,151","0,000","0,000","0,000","301,000","0,000","0,000","27.244,206"
08/04/2024,"35.271,500","0,000","1.264,849","2.841,725","0,000","0,000","6.700,981","0,000","0,000","17.145,227","824,959","2.066,868","0,000","5.291,691","2.517,181","0,000","0,000","0,000","0,000","121,791","104,248","0,000","38.879,520"
09/04/2024,"32.195,350","0,000","696,317","4.121,076","0,000","0,000","3.595,705","0,000","0,000","19.011,820","908,474","2.541,137","0,000","4.899,377","1.152,625","2,400","0,000","0,000","27,000","135,000","19,493","0,000","37.110,424"
10/04/2024,"38.227,073","0,000","1.310,063","2.460,598","0,000","0,000","5.597,940","0,000","0,000","16.477,899","920,296","3.317,411","0,000","5.940,029","1.616,587","270,200","0,000","0,000","1.449,355","714,000","227,015","0,000","40.301,393"
11/04/2024,"37.506,072","0,000","508,013","1.918,409","0,000","0,000","3.761,497","0,000","0,000","28.600,501","477,742","1.865,164","0,000","5.394,538","639,053","7,100","0,000","0,000","39,000","205,000","21,905","0,000","43.437,922"
12/04/2024,"30.808,299","0,000","774,315","1.806,440","0,000","0,000","6.688,655","0,000","0,000","25.071,426","345,928","1.577,596","0,000","2.966,600","1.356,622","28,500","0,000","0,000","6,000","100,000","91,558","0,000","40.813,640"
13/04/2024,"23.279,506","0,000","340,359","3.260,713","0,000","0,000","5.781,527","0,000","0,000","17.933,903","445,478","2.312,849","0,000","1.918,451","375,000","0,000","0,000","0,000","0,000","70,000","0,000","0,000","32.438,280"
14/04/2024,"25.009,914","0,000","447,284","2.068,076","0,000","0,000","4.505,534","0,000","0,000","18.472,999","414,006","1.657,486","0,000","2.106,876","535,000","13,995","0,000","0,000","0,000","115,000","0,000","0,000","30.336,256"
15/04/2024,"39.096,988","0,000","669,022","2.545,318","0,000","0,000","5.224,267","0,000","0,000","24.011,575","380,265","4.538,472","0,000","4.497,464","875,027","354,900","0,000","0,000","34,000","336,000","264,988","0,000","43.731,298"
16/04/2024,"33.511,742","0,000","655,195","2.111,483","0,000","0,000","7.499,653","0,000","0,000","20.194,908","309,325","3.398,996","0,000","2.815,721","612,500","0,000","0,000","0,000","0,000","90,000","10,370","0,000","37.698,151"
17/04/2024,"44.305,450","0,000","972,961","3.343,186","0,000","0,000","9.950,005","0,000","0,000","19.945,018","458,371","4.255,447","0,000","4.432,006","715,000","290,400","0,000","0,000","0,000","99,000","388,448","0,000","44.849,842"
18/04/2024,"37.449,938","0,000","754,446","3.095,700","0,000","0,000","6.560,276","0,000","0,000","23.660,356","503,311","2.539,666","0,000","3.534,874","800,000","170,500","0,000","0,000","49,000","141,000","82,797","0,000","41.891,926"
19/04/2024,"32.444,936","0,000","352,272","1.825,284","0,000","0,000","5.397,182","0,000","0,000","29.220,397","423,133","3.246,933","0,000","2.283,578","345,000","58,500","0,000","0,000","2,000","299,000","0,000","0,000","43.453,279"
20/04/2024,"28.557,531","0,000","446,683","1.758,777","0,000","0,000","4.891,422","0,000","0,000","18.838,145","642,051","1.827,381","0,000","2.324,557","595,000","0,000","0,000","0,000","519,860","90,000","0,000","0,000","31.933,876"
21/04/2024,"27.474,116","0,000","735,653","1.008,734","0,000","0,000","4.993,641","0,000","0,000","17.151,372","332,687","2.431,490","0,000","1.937,229","1.375,000","0,000","0,000","0,000","0,000","48,000","0,000","0,000","30.013,806"
22/04/2024,"36.461,267","0,000","471,006","1.904,432","0,000","0,000","5.451,909","0,000","0,000","22.571,343","692,961","3.172,377","0,000","2.966,885","1.841,017","290,273","0,000","0,000","321,000","601,395","259,297","0,000","40.543,895"
23/04/2024,"44.293,056","0,000","423,608","2.558,528","0,000","0,000","10.790,206","0,000","0,000","21.030,539","626,402","3.235,777","0,000","4.423,970","1.268,853","494,189","0,000","0,000","72,000","579,000","893,746","0,000","46.396,818"
24/04/2024,"44.295,813","0,000","1.991,986","1.373,294","0,000","0,000","4.779,185","0,000","0,000","29.161,062","463,821","4.543,884","0,000","4.624,900","848,000","426,300","0,000","0,000","0,000","209,000","414,849","0,000","48.836,281"
25/04/2024,"35.842,747","0,000","856,433","1.372,810","0,000","0,000","4.976,186","0,000","0,000","19.617,540","1.233,440","4.249,491","0,000","3.814,624","856,725","74,785","0,000","0,000","197,000","578,000","511,150","0,000","38.338,184"
26/04/2024,"38.675,435","0,000","548,945","3.155,381","0,000","0,000","6.617,731","0,000","0,000","26.818,404","837,810","3.057,893","0,000","7.628,551","1.292,284","302,300","0,000","0,000","30,000","476,000","469,529","0,000","51.234,828"
27/04/2024,"41.458,813","0,000","780,262","1.772,633","0,000","0,000","15.742,420","0,000","0,000","22.401,262","248,757","2.923,313","0,000","9.205,075","734,698","0,000","0,000","0,000","77,000","374,000","134,336","0,000","54.393,756"
28/04/2024,"23.326,988","0,000","210,080","1.452,085","0,000","0,000","4.410,154","0,000","0,000","18.529,992","368,779","1.511,994","0,000","2.098,896","382,500","0,000","0,000","0,000","113,603","74,000","0,000","0,000","29.152,083"
29/04/2024,"30.790,670","0,000","124,630","2.824,654","0,000","0,000","7.230,420","0,000","0,000","21.838,543","488,170","2.482,016","0,000","6.663,813","435,417","59,500","0,000","0,000","0,000","513,000","0,000","0,000","42.660,163"
30/04/2024,"37.185,765","0,000","247,512","1.660,950","0,000","0,000","3.568,467","0,000","0,000","30.838,341","311,386","1.296,915","0,000","6.215,743","45,000","0,000","0,000","0,000","37,000","133,181","0,000","0,000","44.354,495"
01/05/2024,"27.708,551","0,000","887,278","2.442,735","0,000","0,000","4.409,525","0,000","0,000","17.222,144","317,150","2.084,556","0,000","4.402,172","860,000","228,203","0,000","0,000","0,000","213,000","37,070","0,000","33.103,833"
02/05/2024,"48.320,370","0,000","544,266","2.469,353","0,000","0,000","6.268,139","0,000","0,000","32.599,775","440,083","2.294,466","0,000","2.986,033","982,500","8,600","0,000","0,000","138,628","305,610","1.112,916","0,000","50.150,369"
03/05/2024,"32.533,376","0,000","531,190","2.500,568","0,000","0,000","3.983,007","0,000","0,000","27.293,906","218,504","3.798,160","0,000","2.217,687","157,500","52,200","0,000","0,000","51,000","40,000","98,754","0,000","40.942,476"
04/05/2024,"24.830,747","0,000","847,479","2.106,326","0,000","0,000","3.908,514","0,000","0,000","14.603,924","240,536","3.428,678","0,000","2.256,525","1.121,655","368,945","0,000","0,000","0,000","38,000","0,000","0,000","28.920,582"
05/05/2024,"22.018,368","0,000","2.249,785","1.261,376","0,000","0,000","2.616,218","0,000","0,000","13.751,822","254,934","1.768,647","0,000","1.827,699","462,500","1,222","0,000","0,000","0,000","71,698","119,985","0,000","24.385,886"
06/05/2024,"34.892,504","0,000","429,548","3.314,549","0,000","0,000","4.302,695","0,000","0,000","24.181,934","653,173","3.836,946","0,000","3.934,126","870,000","84,157","0,000","0,000","16,000","120,000","214,036","0,000","41.957,164"
07/05/2024,"39.097,090","0,000","1.126,972","2.179,188","0,000","0,000","4.165,484","0,000","0,000","21.111,304","1.153,031","5.411,218","0,000","6.580,944","1.755,000","191,307","0,000","0,000","128,000","240,000","59,852","0,000","44.102,300"
08/05/2024,"36.012,932","0,000","739,743","2.646,940","0,000","0,000","5.685,022","0,000","0,000","27.203,737","340,893","2.102,256","0,000","8.083,078","1.276,000","12,290","0,000","0,000","0,000","38,000","89,777","0,000","48.217,736"
09/05/2024,"31.200,790","0,000","1.247,348","2.795,437","0,000","0,000","4.167,467","0,000","0,000","19.766,573","373,041","2.586,231","0,000","3.063,694","1.052,500","53,300","0,000","0,000","0,000","15,000","220,770","0,000","35.341,361"
10/05/2024,"26.495,914","0,000","614,844","1.688,641","0,000","0,000","4.041,039","0,000","0,000","14.358,719","691,027","2.423,590","0,000","3.526,311","784,500","285,900","0,000","0,000","20,000","556,000","311,811","0,000","29.302,382"
11/05/2024,"24.123,396","0,000","824,239","2.126,476","0,000","0,000","3.157,275","0,000","0,000","14.553,262","287,996","2.524,317","0,000","2.746,193","720,000","46,447","0,000","0,000","47,000","174,000","0,000","0,000","27.207,205"
12/05/2024,"21.970,547","0,000","450,797","1.246,513","0,000","0,000","3.651,883","0,000","0,000","10.591,657","517,648","3.668,165","0,000","3.017,406","875,000","18,217","0,000","0,000","0,000","336,000","5,335","0,000","24.378,621"
13/05/2024,"34.985,877","0,000","567,321","2.354,236","0,000","0,000","6.247,018","0,000","0,000","17.415,294","470,611","3.936,192","0,000","7.999,388","1.728,362","140,600","0,000","0,000","0,000","891,000","343,127","0,000","42.093,149"
14/05/2024,"40.367,767","0,000","747,086","3.979,358","0,000","0,000","5.557,093","0,000","0,000","23.423,349","590,730","6.390,652","0,000","5.172,885","1.085,000","150,400","0,000","0,000","51,000","437,985","691,638","0,000","48.277,176"
15/05/2024,"40.581,708","0,000","893,927","2.899,556","0,000","0,000","6.497,339","0,000","0,000","18.634,617","606,501","3.820,271","0,000","7.979,710","1.700,000","579,751","0,000","0,000","13,000","299,000","294,725","0,000","44.218,397"
16/05/2024,"29.647,011","0,000","1.029,209","2.068,184","0,000","0,000","4.442,345","0,000","0,000","19.528,946","1.028,425","2.468,175","0,000","3.632,846","910,638","8,600","0,000","0,000","27,000","646,000","623,477","0,000","36.413,845"
17/05/2024,"32.017,515","0,000","973,704","2.109,121","0,000","0,000","5.989,927","0,000","0,000","18.575,010","1.020,354","1.629,333","0,000","5.533,720","157,500","523,500","0,000","0,000","33,000","1.415,000","136,859","0,000","38.097,028"
18/05/2024,"31.879,610","0,000","582,633","3.230,631","0,000","0,000","5.544,996","0,000","0,000","15.764,839","607,469","3.082,536","0,000","5.939,625","510,000","95,074","0,000","0,000","54,000","128,000","94,622","0,000","35.634,425"
19/05/2024,"23.135,755","0,000","604,783","1.278,341","0,000","0,000","5.292,974","0,000","0,000","8.925,925","346,627","2.313,919","0,000","4.230,971","942,500","156,600","0,000","0,000","0,000","299,000","147,345","0,000","24.538,985"
20/05/2024,"36.160,514","0,000","1.878,185","1.931,246","0,000","0,000","3.643,734","0,000","0,000","19.297,937","594,726","1.807,525","0,000","10.024,404","1.597,500","62,500","0,000","0,000","37,264","653,283","60,966","0,000","41.589,270"
21/05/2024,"34.826,741","0,000","301,217","1.312,351","0,000","0,000","5.253,455","0,000","0,000","22.097,093","540,598","4.904,844","0,000","4.281,209","1.380,000","27,500","0,000","0,000","0,000","211,000","63,370","0,000","40.372,637"
22/05/2024,"30.776,116","0,000","658,237","1.688,154","0,000","0,000","4.551,682","0,000","0,000","13.981,926","801,965","2.258,850","0,000","6.501,137","645,673","228,700","0,000","0,000","66,000","892,299","420,747","0,000","32.695,370"
23/05/2024,"29.498,514","0,000","1.446,429","2.374,492","0,000","0,000","4.848,716","0,000","0,000","15.538,058","181,593","1.404,569","0,000","4.378,944","739,500","239,900","0,000","0,000","98,257","257,000","38,917","0,000","31.546,375"
24/05/2024,"29.958,055","0,000","1.255,336","4.019,531","0,000","0,000","4.518,473","0,000","0,000","14.344,393","420,811","1.413,724","0,000","5.890,147","550,000","2,600","0,000","0,000","0,000","272,000","9,724","0,000","32.696,739"
25/05/2024,"26.977,881","0,000","2.147,755","2.461,014","0,000","0,000","4.262,000","0,000","0,000","10.615,922","956,689","2.556,275","0,000","5.060,443","1.172,000","0,000","0,000","0,000","53,949","279,000","0,000","0,000","29.565,047"
26/05/2024,"21.039,452","0,000","459,289","2.387,271","0,000","0,000","3.511,129","0,000","0,000","7.551,489","267,601","2.461,485","0,000","2.424,118","952,500","304,464","0,000","0,000","207,000","287,000","463,940","0,000","21.277,286"
27/05/2024,"34.333,165","0,000","681,232","2.286,345","0,000","0,000","4.067,692","0,000","0,000","16.158,040","461,383","2.717,483","0,000","8.475,580","1.184,960","91,600","0,000","0,000","0,000","260,000","199,830","0,000","36.584,145"
28/05/2024,"36.713,880","0,000","678,981","3.167,123","0,000","0,000","5.303,672","0,000","0,000","18.128,546","1.146,867","2.710,583","0,000","3.443,797","1.476,500","436,715","0,000","0,000","0,000","1.375,222","0,000","0,000","37.868,006"
29/05/2024,"35.045,471","0,000","712,925","2.246,704","0,000","0,000","3.836,433","0,000","0,000","19.583,924","331,734","2.340,424","0,000","3.969,842","1.417,500","301,600","0,000","0,000","372,000","233,000","0,000","0,000","35.346,086"
30/05/2024,"40.308,616","0,000","1.054,407","1.893,174","0,000","0,000","5.760,548","0,000","0,000","21.912,472","930,197","1.504,630","0,000","4.319,369","2.122,849","4,900","0,000","0,000","118,000","215,000","0,000","0,000","39.835,546"
31/05/2024,"29.042,673","0,000","655,967","3.546,028","0,000","0,000","2.596,372","0,000","0,000","14.202,739","396,223","3.326,800","0,000","4.648,003","1.726,470","18,800","0,000","0,000","100,000","212,000","0,000","0,000","31.429,402"
01/06/2024,"26.506,685","0,000","1.096,930","2.183,137","0,000","0,000","5.654,182","0,000","0,000","11.038,631","749,709","2.078,465","0,000","3.083,809","910,978","287,389","0,000","0,000","42,092","549,888","0,000","0,000","27.675,210"
02/06/2024,"22.335,679","0,000","408,957","1.595,882","0,000","0,000","4.251,470","0,000","0,000","7.124,585","241,183","3.839,847","0,000","4.681,772","340,000","15,200","0,000","0,000","63,000","266,000","0,000","0,000","22.827,896"
03/06/2024,"28.987,505","0,000","454,573","3.692,640","0,000","0,000","4.820,670","0,000","0,000","10.915,210","242,190","1.993,541","0,000","5.418,633","390,000","0,000","0,000","0,000","0,000","2.523,000","0,000","0,000","30.450,457"
04/06/2024,"35.694,063","0,000","648,168","1.983,858","0,000","0,000","4.817,027","0,000","0,000","19.566,144","322,010","4.222,876","0,000","4.799,196","835,000","549,200","0,000","0,000","36,000","132,000","0,000","0,000","37.911,479"
05/06/2024,"30.101,818","0,000","1.171,647","3.472,349","0,000","0,000","4.648,065","0,000","0,000","15.251,807","483,350","2.625,185","0,000","3.794,896","894,000","0,000","0,000","0,000","54,766","446,000","0,000","0,000","32.842,065"
06/06/2024,"31.000,976","0,000","712,900","2.044,528","0,000","0,000","7.120,193","0,000","0,000","14.173,680","305,046","3.319,830","0,000","6.440,141","1.663,525","1,000","0,000","0,000","25,000","241,998","0,000","0,000","36.047,841"
07/06/2024,"33.522,856","0,000","1.076,161","3.119,729","0,000","0,000","5.026,724","0,000","0,000","16.441,575","327,434","3.711,305","0,000","6.176,585","1.865,435","0,000","0,000","0,000","0,000","110,000","0,000","0,000","37.854,948"
08/06/2024,"36.447,368","0,000","1.143,438","2.512,148","0,000","0,000","6.372,626","0,000","0,000","14.711,739","1.402,564","3.198,462","0,000","5.039,608","2.169,700","0,000","0,000","0,000","248,553","232,000","0,000","0,000","37.030,838"
09/06/2024,"24.063,032","0,000","397,399","1.631,944","0,000","0,000","2.866,938","0,000","0,000","8.393,456","288,699","3.862,179","0,000","5.384,067","1.772,500","0,000","0,000","0,000","90,000","255,000","0,000","0,000","24.942,182"
10/06/2024,"35.441,758","0,000","326,741","1.567,996","0,000","0,000","6.708,179","0,000","0,000","13.774,589","503,239","7.586,772","0,000","8.439,252","1.147,500","100,700","0,000","0,000","0,000","180,000","0,000","0,000","40.334,968"
11/06/2024,"36.547,459","0,000","449,681","2.562,421","0,000","0,000","4.346,723","0,000","0,000","19.007,884","1.505,942","3.762,193","0,000","5.778,708","570,000","299,207","0,000","0,000","33,000","1.346,000","0,000","0,000","39.661,759"
12/06/2024,"34.097,981","0,000","681,642","3.810,324","0,000","0,000","4.249,081","0,000","0,000","17.625,431","378,442","2.686,730","0,000","6.266,057","1.141,782","264,309","0,000","0,000","57,000","497,000","0,000","0,000","37.657,798"
13/06/2024,"29.804,950","0,000","828,360","3.471,127","0,000","0,000","3.817,069","0,000","0,000","16.981,550","547,905","2.742,822","0,000","5.579,072","660,000","378,974","0,000","0,000","131,000","516,637","0,000","0,000","35.654,516"
14/06/2024,"0,000","0,000","0,000","0,000","0,000","0,000","0,000","0,000","0,000","0,000","0,000","0,000","0,000","0,000","0,000","0,000","0,000","0,000","0,000","0,000","0,000","0,000","0,000"
15/06/2024,"25.999,926","0,000","1.249,868","1.561,340","0,000","0,000","3.368,796","0,000","0,000","10.475,861","1.454,943","1.878,325","0,000","6.355,247","37,500","20,900","63,900","0,000","32,846","199,000","0,000","0,000","26.698,526"
16/06/2024,"25.924,529","0,000","349,133","2.707,353","0,000","0,000","4.117,240","0,000","0,000","8.240,658","153,287","4.731,282","0,000","5.871,819","663,206","0,500","70,300","0,000","0,000","1.011,000","0,000","0,000","27.915,778"
17/06/2024,"36.979,215","0,000","1.730,828","2.582,170","0,000","0,000","6.895,017","0,000","0,000","19.245,885","527,965","3.214,883","0,000","4.236,657","1.165,833","34,800","0,000","0,000","0,000","260,000","0,000","0,000","39.894,038"
18/06/2024,"34.489,797","0,000","1.154,011","3.228,351","0,000","0,000","4.595,145","0,000","0,000","25.639,368","540,821","3.664,983","0,000","7.778,994","2.035,000","0,000","0,000","0,000","0,000","295,000","0,000","0,000","48.931,673"
19/06/2024,"32.618,379","0,000","1.250,519","3.202,966","0,000","0,000","3.969,936","0,000","0,000","27.270,477","397,679","2.485,128","0,000","3.105,217","2.175,725","54,700","0,000","0,000","30,000","250,000","0,000","0,000","44.192,347"
20/06/2024,"34.790,329","0,000","912,168","3.198,604","0,000","0,000","3.835,545","0,000","0,000","24.864,658","860,109","2.587,300","0,000","5.173,500","2.103,000","9,300","0,000","0,000","155,000","400,000","0,000","0,000","44.099,184"
21/06/2024,"43.013,779","0,000","815,578","3.794,641","0,000","0,000","5.622,705","0,000","0,000","30.234,191","893,650","2.877,327","0,000","5.679,385","2.260,500","61,300","0,000","0,000","30,000","400,000","0,000","0,000","52.669,277"
22/06/2024,"28.248,576","0,000","653,946","2.776,677","0,000","0,000","4.976,396","0,000","0,000","10.825,094","696,342","2.600,053","0,000","7.189,587","501,500","251,800","190,700","0,000","15,000","227,000","0,000","0,000","30.904,095"
23/06/2024,"26.094,529","0,000","1.112,338","4.809,034","0,000","0,000","2.604,857","0,000","0,000","12.606,784","631,875","2.649,011","0,000","4.576,754","1.476,000","21,800","1,100","0,000","24,000","214,000","456,900","0,000","31.184,453"
24/06/2024,"40.211,826","0,000","1.221,696","4.473,926","0,000","0,000","3.562,510","0,000","0,000","29.830,469","353,164","1.621,580","0,000","9.048,576","1.717,000","0,000","0,000","0,000","54,000","763,524","146,300","0,000","52.792,745"
25/06/2024,"39.246,444","0,000","633,714","2.991,662","0,000","0,000","3.329,228","0,000","0,000","28.606,677","463,544","2.773,054","0,000","5.531,945","2.038,000","322,400","27,100","0,000","0,000","3.043,690","98,900","0,000","49.859,914"
26/06/2024,"39.508,531","0,000","753,735","2.061,283","0,000","0,000","3.704,081","0,000","0,000","35.334,834","3.256,001","2.640,972","0,000","5.088,256","222,500","0,000","0,000","0,000","176,000","1.782,000","218,800","0,000","55.238,462"
27/06/2024,"36.135,438","0,000","1.243,710","2.257,203","0,000","0,000","3.846,530","0,000","0,000","30.149,878","874,191","3.598,212","0,000","5.623,295","387,500","149,600","34,500","0,000","164,000","147,255","404,800","0,000","48.880,674"
28/06/2024,"39.852,576","0,000","1.363,907","3.162,118","0,000","0,000","6.324,423","0,000","0,000","29.733,402","1.005,442","2.030,234","0,000","6.374,354","291,000","7,100","0,000","0,000","64,000","169,000","402,100","0,000","50.927,080"
29/06/2024,"32.978,906","0,000","597,473","1.766,314","0,000","0,000","3.449,481","0,000","0,000","22.426,900","1.091,603","3.114,423","0,000","6.781,271","3.201,874","328,700","5,700","0,000","184,444","1.631,750","618,300","0,000","45.198,233"
30/06/2024,"27.355,273","0,000","457,040","2.766,048","0,000","0,000","7.871,246","0,000","0,000","8.856,037","394,479","2.513,132","0,000","3.505,440","1.390,500","205,400","254,000","0,000","160,000","375,230","112,200","0,000","28.860,752"
01/07/2024,"39.768,272","0,000","695,745","3.448,816","0,000","0,000","5.412,216","0,000","0,000","18.972,774","1.583,466","3.082,618","0,000","4.681,024","1.724,000","1,500","0,000","0,000","182,000","772,527","189,000","0,000","40.745,686"
02/07/2024,"46.920,324","0,000","802,369","2.076,104","0,000","0,000","12.616,999","0,000","0,000","19.773,446","773,251","7.153,114","0,000","11.375,335","1.034,000","0,200","0,000","0,000","7,000","149,585","3,800","0,000","55.765,203"
03/07/2024,"37.617,179","0,000","660,657","1.929,134","0,000","0,000","9.572,665","0,000","0,000","16.327,137","1.025,679","3.439,253","0,000","5.222,077","2.816,500","140,900","0,000","0,000","70,000","910,160","311,200","0,000","42.425,362"
04/07/2024,"33.585,576","0,000","2.150,522","2.583,943","0,000","0,000","3.556,914","0,000","0,000","17.649,871","1.003,579","2.798,577","0,000","5.141,718","1.673,492","3,000","0,000","0,000","48,000","786,315","265,200","0,000","37.661,131"
05/07/2024,"37.359,089","0,000","1.414,276","2.176,817","0,000","0,000","5.472,176","0,000","0,000","21.397,654","1.063,664","3.983,001","0,000","2.828,881","2.593,112","0,700","0,000","0,000","0,000","1.735,915","128,400","0,000","42.794,596"
06/07/2024,"31.792,878","0,000","2.567,959","1.658,781","0,000","0,000","4.406,133","0,000","0,000","12.784,725","900,100","2.840,859","0,000","3.498,159","1.423,965","38,600","0,000","0,000","0,000","1.935,091","0,000","0,000","32.054,372"
07/07/2024,"29.350,375","0,000","603,353","1.361,157","0,000","0,000","4.514,761","0,000","0,000","12.685,564","312,692","2.015,724","0,000","2.535,443","1.390,603","61,600","7,900","0,000","86,000","5.017,681","35,800","0,000","30.628,278"
08/07/2024,"0,000","0,000","0,000","0,000","0,000","0,000","0,000","0,000","0,000","0,000","0,000","0,000","0,000","0,000","0,000","0,000","0,000","0,000","0,000","0,000","0,000","0,000","0,000"
09/07/2024,"34.968,206","0,000","692,935","3.021,581","0,000","0,000","3.985,914","0,000","0,000","18.302,374","631,557","4.420,373","0,000","4.198,670","2.638,000","76,100","0,000","0,000","299,159","812,935","71,300","0,000","39.150,898"
10/07/2024,"41.262,579","0,000","4.295,250","3.051,524","0,000","0,000","4.153,962","0,000","0,000","20.217,917","440,515","4.986,474","0,000","4.754,413","2.640,500","3,100","0,000","0,000","102,000","225,536","410,700","0,000","45.281,891"
11/07/2024,"45.257,973","0,000","816,819","3.471,370","0,000","0,000","5.732,419","0,000","0,000","20.697,442","1.078,809","4.100,372","0,000","5.478,908","3.701,205","86,200","547,600","0,000","176,389","2.287,320","232,900","0,000","48.407,753"
12/07/2024,"47.550,108","0,000","966,279","3.705,436","0,000","0,000","9.358,820","0,000","0,000","21.301,914","949,436","3.059,903","0,000","4.553,176","2.760,000","39,300","0,000","0,000","221,383","1.292,840","452,000","0,000","48.660,487"
13/07/2024,"38.818,177","0,000","1.725,803","2.357,495","0,000","0,000","8.275,380","0,000","0,000","22.342,688","1.646,674","3.424,210","0,000","4.781,611","2.831,195","7,000","0,400","0,000","38,000","1.179,300","307,700","0,000","48.917,456"
14/07/2024,"33.433,795","0,000","1.356,468","2.061,443","0,000","0,000","5.947,246","0,000","0,000","14.447,166","1.144,858","2.313,560","0,000","3.671,382","1.384,919","125,000","9,400","0,000","2.212,000","307,428","760,600","0,000","35.741,470"
15/07/2024,"50.021,912","0,000","1.602,226","3.284,426","0,000","0,000","4.536,434","0,000","0,000","29.164,211","4.891,242","3.742,470","0,000","5.845,397","2.813,500","12,000","0,000","0,000","0,000","866,851","105,700","0,000","56.864,457"
16/07/2024,"50.131,358","0,000","572,361","3.105,731","0,000","0,000","7.028,096","0,000","0,000","27.204,444","1.204,997","8.573,873","0,000","5.883,114","3.161,753","32,000","73,400","0,000","61,000","2.724,274","26,400","0,000","59.651,443"
17/07/2024,"40.807,176","0,000","757,346","3.661,585","0,000","0,000","6.206,671","0,000","0,000","14.866,619","1.407,498","4.243,262","0,000","5.976,783","3.996,000","0,700","0,000","0,000","11,000","1.069,930","21,500","0,000","42.218,894"
18/07/2024,"42.277,704","0,000","691,310","3.007,301","0,000","0,000","8.099,232","0,000","0,000","16.272,972","1.370,537","4.965,153","0,000","5.361,446","3.242,682","377,000","710,700","0,000","74,000","1.837,615","455,900","0,000","46.465,848"
19/07/2024,"42.821,035","0,000","785,215","3.857,410","0,000","0,000","8.566,230","0,000","0,000","16.341,705","1.322,263","3.080,871","0,000","5.779,040","2.951,500","1,400","0,000","0,000","148,000","1.146,106","32,600","0,000","44.012,340"
20/07/2024,"30.535,597","0,000","774,276","1.774,400","0,000","0,000","2.186,397","0,000","0,000","10.750,022","627,493","2.303,824","0,000","5.871,716","4.320,500","32,700","0,000","0,000","6,000","1.074,875","128,300","0,000","29.850,503"
21/07/2024,"29.939,343","0,000","617,746","1.158,644","0,000","0,000","4.441,712","0,000","0,000","12.861,594","663,893","1.347,573","0,000","6.033,568","2.792,500","15,800","0,900","0,000","4,000","769,080","539,600","0,000","31.246,610"
22/07/2024,"43.423,932","0,000","1.367,596","2.233,494","0,000","0,000","4.900,453","0,000","0,000","19.406,601","973,734","4.639,670","0,000","5.055,889","5.680,639","144,200","0,000","0,000","21,000","2.903,020","0,000","0,000","47.326,296"
23/07/2024,"40.765,180","0,000","1.120,958","2.986,322","0,000","0,000","5.822,985","0,000","0,000","22.059,319","924,090","4.284,374","0,000","4.866,379","2.393,863","47,600","0,000","0,000","79,000","389,040","229,400","0,000","45.203,330"
24/07/2024,"35.075,592","0,000","1.248,795","2.084,711","0,000","0,000","4.766,325","0,000","0,000","13.883,464","591,087","3.490,738","0,000","6.986,096","1.708,000","128,200","0,000","0,000","101,000","684,990","100,800","0,000","35.774,206"
25/07/2024,"43.262,984","0,000","823,380","3.883,260","0,000","0,000","5.781,706","0,000","0,000","21.266,870","1.480,551","3.535,131","0,000","5.119,231","1.599,000","0,000","0,000","0,000","10,000","2.907,691","22,500","0,000","46.429,320"
26/07/2024,"34.352,680","0,000","460,736","2.570,373","0,000","0,000","6.910,747","0,000","0,000","15.979,486","1.345,349","3.209,836","0,000","3.813,138","1.508,000","2,100","0,000","0,000","2,000","1.032,910","0,000","0,000","36.834,675"
27/07/2024,"35.053,213","0,000","1.556,500","1.883,018","0,000","0,000","6.356,460","0,000","0,000","15.009,370","564,089","2.155,447","0,000","4.748,752","3.003,000","71,200","175,000","0,000","41,000","1.952,888","62,900","0,000","37.579,624"
28/07/2024,"29.780,813","0,000","469,704","1.332,109","0,000","0,000","5.850,993","0,000","0,000","11.850,458","544,876","1.073,712","0,000","3.920,222","4.250,500","30,500","0,000","0,000","0,000","1.968,000","212,800","0,000","31.503,874"
29/07/2024,"37.412,014","0,000","689,828","2.549,632","0,000","0,000","3.464,570","0,000","0,000","21.076,877","617,155","4.020,587","0,000","5.266,721","1.680,500","0,200","0,000","0,000","111,000","757,630","495,400","0,000","40.730,100"
30/07/2024,"45.458,943","0,000","2.717,879","2.368,403","0,000","0,000","8.031,638","0,000","0,000","20.669,505","428,369","3.216,955","0,000","9.971,113","1.410,500","12,800","0,000","0,000","0,000","453,271","56,100","0,000","49.336,533"
31/07/2024,"40.602,999","0,000","605,312","2.569,220","0,000","0,000","5.598,335","0,000","0,000","20.121,960","1.173,948","3.365,977","0,000","7.083,023","1.008,000","0,000","0,000","0,000","408,835","608,280","374,600","0,000","42.917,490"
01/08/2024,"37.785,016","0,000","657,229","2.763,818","0,000","0,000","4.023,900","0,000","0,000","18.029,670","1.026,678","2.308,315","0,000","7.930,741","1.711,759","0,200","0,000","0,000","131,000","792,769","18,400","0,000","39.394,479"
02/08/2024,"44.426,206","0,000","1.903,904","2.625,332","0,000","0,000","7.972,681","0,000","0,000","23.903,356","564,514","2.776,906","0,000","5.358,212","1.435,000","1,700","0,000","0,000","0,000","648,380","91,800","0,000","47.281,785"
03/08/2024,"35.336,950","0,000","1.053,676","2.312,057","0,000","0,000","4.591,412","0,000","0,000","20.379,365","1.463,828","2.491,173","0,000","5.095,306","1.228,162","0,000","0,000","0,000","12,000","701,657","188,900","0,000","39.517,536"
04/08/2024,"40.672,815","0,000","1.003,926","3.078,877","0,000","0,000","4.663,816","0,000","0,000","16.329,546","2.244,376","2.978,744","0,000","5.936,868","1.554,834","18,400","22,100","0,000","0,000","826,329","151,800","0,000","38.809,616"
05/08/2024,"36.685,894","0,000","549,938","3.090,379","0,000","0,000","3.615,249","0,000","0,000","23.905,234","1.586,769","2.221,818","0,000","6.572,467","3.616,350","0,000","0,000","0,000","0,000","1.020,218","43,600","0,000","46.222,022"
06/08/2024,"39.171,332","0,000","627,446","2.553,042","0,000","0,000","6.877,329","0,000","0,000","24.436,057","1.857,148","3.545,311","0,000","6.461,574","743,000","0,000","0,000","0,000","0,000","630,519","479,200","0,000","48.210,626"
07/08/2024,"35.133,556","0,000","1.810,994","2.648,565","0,000","0,000","5.047,204","0,000","0,000","21.081,166","1.891,883","4.792,593","0,000","4.877,147","1.066,813","0,000","0,000","0,000","32,000","883,290","160,400","0,000","44.292,055"
08/08/2024,"34.617,848","0,000","707,836","2.577,302","0,000","0,000","5.675,952","0,000","0,000","17.481,556","2.414,967","3.495,660","0,000","5.529,066","1.879,001","0,000","0,000","17,700","38,000","500,010","248,600","0,000","40.565,650"
09/08/2024,"38.111,929","0,000","3.765,007","1.425,358","0,000","0,000","5.601,828","0,000","0,000","19.637,002","1.668,453","1.851,296","0,000","6.876,964","1.004,822","0,000","0,000","0,000","21,000","962,860","236,100","0,000","43.050,690"
10/08/2024,"33.242,618","0,000","879,498","2.375,757","0,000","0,000","3.345,658","0,000","0,000","17.541,494","1.003,589","1.983,694","0,000","4.277,292","1.573,776","0,000","0,000","0,000","0,000","941,290","0,000","0,000","33.922,048"
11/08/2024,"33.573,574","0,000","425,626","1.372,166","0,000","0,000","2.975,443","0,000","0,000","16.080,806","928,608","2.660,921","0,000","5.020,044","3.994,912","0,000","0,000","0,000","0,000","590,505","0,000","0,000","34.049,031"
12/08/2024,"35.116,700","0,000","607,469","2.268,317","0,000","0,000","3.606,442","0,000","0,000","22.590,962","1.952,858","2.137,839","0,000","5.990,464","1.315,737","0,000","0,000","0,000","0,000","50,235","0,000","0,000","40.520,323"
13/08/2024,"38.723,592","0,000","2.085,898","2.028,623","0,000","0,000","2.879,096","0,000","0,000","18.382,171","2.491,579","2.001,557","0,000","10.121,494","2.477,880","0,000","39,100","0,000","0,000","1.300,525","44,200","0,000","43.852,123"
14/08/2024,"37.380,931","0,000","555,898","2.611,905","0,000","0,000","4.310,850","0,000","0,000","16.245,179","1.886,756","4.651,866","0,000","5.405,098","2.675,332","2,000","0,000","49,900","102,000","1.062,987","107,600","0,000","39.667,371"
15/08/2024,"37.482,133","0,000","618,691","2.122,533","0,000","0,000","3.970,223","0,000","0,000","12.561,705","1.520,195","5.518,410","0,000","6.734,625","5.580,000","0,000","0,000","0,000","15,000","1.247,403","520,400","0,000","40.409,185"
16/08/2024,"34.599,667","0,000","586,286","2.012,523","0,000","0,000","4.166,200","0,000","0,000","14.369,127","1.272,312","5.265,550","0,000","4.798,849","1.937,500","0,000","21,000","25,700","0,000","1.787,000","123,900","0,000","36.365,947"
17/08/2024,"35.179,683","0,000","1.376,331","2.922,229","0,000","0,000","4.052,379","0,000","0,000","13.639,533","1.258,977","4.709,918","0,000","7.187,218","963,540","0,000","7,400","45,400","41,000","761,655","0,000","0,000","36.965,580"
18/08/2024,"37.749,789","0,000","944,282","2.030,425","0,000","0,000","7.068,679","0,000","0,000","15.861,620","803,848","2.626,135","0,000","7.751,739","1.744,267","0,000","0,000","48,500","62,000","1.208,200","339,400","0,000","40.489,095"
19/08/2024,"31.300,516","0,000","1.053,102","1.491,586","0,000","0,000","4.966,630","0,000","0,000","17.531,318","583,124","2.156,581","0,000","5.924,106","1.122,668","57,000","18,900","0,000","13,000","689,315","95,400","0,000","35.702,730"
20/08/2024,"37.576,356","0,000","1.329,359","2.166,713","0,000","0,000","4.596,790","0,000","0,000","21.788,484","923,461","2.127,024","0,000","8.113,359","1.075,000","1,100","0,000","0,000","0,000","281,899","37,500","0,000","42.440,689"
21/08/2024,"31.808,615","0,000","661,944","1.963,454","0,000","0,000","4.544,706","0,000","0,000","16.149,600","805,577","2.429,951","0,000","5.641,065","1.643,121","13,100","0,000","0,000","21,000","403,134","342,600","0,000","34.619,252"
22/08/2024,"34.000,743","0,000","742,214","1.784,750","0,000","0,000","4.590,557","0,000","0,000","13.196,263","1.202,357","3.084,812","0,000","11.999,920","868,481","67,600","14,800","55,600","40,000","104,380","89,200","0,000","37.840,934"
23/08/2024,"35.136,489","0,000","637,415","2.231,631","0,000","0,000","5.326,062","0,000","0,000","15.326,311","1.124,021","3.241,574","0,000","5.220,959","2.221,699","110,600","0,000","0,000","50,000","315,785","242,500","0,000","36.048,557"
24/08/2024,"36.249,088","0,000","1.328,094","1.665,067","0,000","0,000","4.236,307","0,000","0,000","10.329,756","861,579","3.344,138","0,000","7.898,206","5.361,733","0,100","20,200","0,000","33,000","2.594,783","146,200","0,000","37.819,163"
25/08/2024,"29.785,205","0,000","580,507","2.012,803","0,000","0,000","6.048,540","0,000","0,000","10.397,562","1.023,487","1.542,159","0,000","7.628,725","828,850","0,000","7,200","32,400","62,762","632,000","37,300","0,000","30.834,295"
26/08/2024,"29.948,535","0,000","631,189","2.104,191","0,000","0,000","4.906,268","0,000","0,000","11.662,776","1.573,333","4.290,521","0,000","4.981,181","1.676,376","122,100","0,000","7,500","4,000","521,765","207,700","0,000","32.688,900"
27/08/2024,"41.969,607","0,000","723,717","2.821,488","0,000","0,000","5.183,171","0,000","0,000","21.797,837","3.138,368","6.243,077","0,000","6.654,377","1.850,519","40,400","0,000","0,000","92,881","451,690","211,400","0,000","49.208,925"
28/08/2024,"44.478,841","0,000","750,027","2.767,591","0,000","0,000","5.960,316","0,000","0,000","17.444,226","2.087,277","4.664,865","0,000","11.098,826","2.877,703","4,900","0,000","0,000","0,000","569,920","77,600","0,000","48.303,251"
29/08/2024,"0,000","0,000","0,000","0,000","0,000","0,000","0,000","0,000","0,000","0,000","0,000","0,000","0,000","0,000","0,000","0,000","0,000","0,000","0,000","0,000","0,000","0,000","0,000"
30/08/2024,"34.505,541","0,000","867,624","2.190,667","0,000","0,000","4.097,378","0,000","0,000","16.396,138","1.370,759","2.772,786","0,000","6.039,349","2.594,476","67,200","0,000","17,600","0,000","573,600","691,600","0,000","37.679,177"
31/08/2024,"37.759,203","0,000","688,913","1.947,872","0,000","0,000","4.562,176","0,000","0,000","13.425,187","1.241,276","2.616,258","0,000","7.667,971","6.115,117","46,500","31,500","2,200","0,000","611,000","73,800","0,000","39.029,770"
01/09/2024,"33.064,555","0,000","642,249","1.944,733","0,000","0,000","3.776,994","0,000","0,000","12.110,456","761,832","2.733,944","0,000","7.548,573","3.856,325","150,900","0,000","0,000","0,000","1.778,806","173,400","0,000","35.478,212"
02/09/2024,"43.598,244","0,000","688,118","3.179,859","0,000","0,000","5.309,586","0,000","0,000","20.704,685","4.109,301","3.742,002","0,000","6.038,974","1.179,919","0,100","0,000","0,000","193,888","500,000","1.158,600","0,000","46.805,032"
03/09/2024,"43.546,673","0,000","536,823","2.336,475","0,000","0,000","9.275,341","0,000","0,000","16.565,548","3.553,369","6.298,905","0,000","5.453,676","1.719,530","22,500","0,000","0,000","38,000","0,000","207,700","0,000","46.007,867"
04/09/2024,"39.901,418","0,000","804,182","2.733,207","0,000","0,000","9.205,650","0,000","0,000","14.511,419","2.791,324","2.874,402","0,000","7.803,694","230,378","0,000","0,000","17,200","0,000","0,000","0,000","0,000","40.971,456"
05/09/2024,"35.230,728","0,000","663,356","1.635,455","0,000","0,000","4.557,252","0,000","0,000","13.871,849","3.104,921","4.950,219","0,000","5.268,810","1.119,429","163,300","0,000","0,000","79,000","0,000","875,700","0,000","36.289,291"
06/09/2024,"36.849,398","0,000","640,276","2.218,593","0,000","0,000","5.297,064","0,000","0,000","20.685,019","2.663,476","4.066,831","0,000","6.501,561","333,520","115,200","0,000","0,000","29,000","0,000","309,500","0,000","42.860,040"
07/09/2024,"37.371,997","0,000","2.150,451","2.342,549","0,000","0,000","6.197,502","0,000","0,000","18.349,806","2.305,917","3.334,874","0,000","8.310,743","374,543","67,900","0,000","0,000","4,000","0,000","99,000","0,000","43.537,285"
08/09/2024,"34.623,416","0,000","719,317","2.371,794","0,000","0,000","4.252,156","0,000","0,000","23.082,573","713,859","1.454,906","0,000","7.069,246","1.589,498","0,000","0,000","0,000","0,000","0,000","15,600","0,000","41.268,949"
09/09/2024,"33.664,755","0,000","596,730","2.048,720","0,000","0,000","5.217,367","0,000","0,000","15.665,608","640,625","2.157,396","0,000","9.593,734","658,144","77,600","0,000","0,000","0,000","0,000","453,000","0,000","37.108,924"
10/09/2024,"44.646,704","0,000","700,400","2.476,977","0,000","0,000","8.527,077","0,000","0,000","35.278,627","1.099,538","2.906,191","0,000","9.956,463","1.426,305","130,700","0,000","0,000","0,000","0,000","292,100","0,000","62.794,378"
11/09/2024,"38.718,838","0,000","782,739","2.650,157","0,000","0,000","5.484,979","0,000","0,000","25.897,599","1.659,815","2.597,348","0,000","5.253,369","1.540,684","25,000","0,000","0,000","169,000","16,000","535,300","0,000","46.611,990"
12/09/2024,"37.970,647","0,000","726,035","2.196,896","0,000","0,000","4.785,351","0,000","0,000","31.254,289","685,337","2.260,221","0,000","5.537,045","614,007","0,400","0,000","0,000","49,000","323,335","288,600","0,000","48.720,516"
13/09/2024,"42.003,020","0,000","1.755,486","4.687,981","0,000","0,000","5.366,364","0,000","0,000","29.169,409","619,091","1.494,160","0,000","7.516,934","482,085","111,200","0,000","0,000","86,000","769,533","185,400","0,000","52.243,643"
14/09/2024,"32.021,759","0,000","1.252,493","2.679,314","0,000","0,000","6.056,322","0,000","0,000","14.077,951","604,187","3.529,446","0,000","3.153,924","2.015,839","0,400","0,000","0,000","819,000","174,000","257,800","0,000","34.620,676"
15/09/2024,"27.968,238","0,000","1.550,645","2.718,133","0,000","0,000","6.185,963","0,000","0,000","12.545,850","567,547","1.319,316","0,000","3.325,126","812,347","65,700","1,700","0,000","26,000","118,000","14,100","0,000","29.250,427"
16/09/2024,"33.906,615","0,000","664,893","2.266,885","0,000","0,000","6.072,352","0,000","0,000","23.211,149","873,308","2.195,196","0,000","5.408,725","916,779","289,200","0,000","118,000","80,000","360,299","364,800","0,000","42.821,586"
17/09/2024,"37.333,160","0,000","652,122","2.951,555","0,000","0,000","6.070,606","0,000","0,000","20.785,373","465,428","4.850,755","0,000","6.236,000","852,607","119,600","0,000","0,000","183,918","996,565","456,000","0,000","44.620,529"
18/09/2024,"44.412,750","0,000","726,710","3.015,059","0,000","0,000","4.537,601","0,000","0,000","24.644,548","815,355","4.536,057","0,000","5.284,552","2.513,170","20,400","0,000","38,300","58,000","1.352,896","138,000","0,000","47.680,648"
19/09/2024,"35.862,503","0,000","730,126","2.566,109","0,000","0,000","4.446,570","0,000","0,000","13.710,926","522,361","2.872,781","0,000","9.298,688","2.155,001","40,300","0,000","0,000","121,554","558,266","21,500","0,000","37.044,182"
20/09/2024,"34.839,694","0,000","965,022","3.066,778","0,000","0,000","4.735,371","0,000","0,000","16.791,807","575,726","3.921,463","0,000","4.650,241","531,173","0,600","0,000","0,000","31,000","892,125","12,600","0,000","36.173,906"
21/09/2024,"36.372,266","0,000","719,672","2.916,937","0,000","0,000","8.009,058","0,000","0,000","21.215,873","445,164","2.380,132","0,000","5.216,587","701,452","104,500","0,000","0,000","14,000","1.112,273","178,600","0,000","43.014,248"
22/09/2024,"31.035,252","0,000","724,291","1.950,850","0,000","0,000","4.137,834","0,000","0,000","18.413,560","905,953","1.811,117","0,000","4.434,791","1.371,063","6,400","126,900","0,000","19,000","1.203,000","66,000","0,000","35.170,759"
23/09/2024,"43.350,550","0,000","1.192,419","3.002,571","0,000","0,000","6.820,933","0,000","0,000","26.447,381","1.232,469","3.424,852","0,000","7.974,079","2.578,998","37,400","0,000","14,800","108,350","529,976","469,000","0,000","53.833,228"
24/09/2024,"36.618,701","0,000","897,330","2.278,313","0,000","0,000","7.652,004","0,000","0,000","23.739,191","472,487","3.052,160","0,000","7.207,981","500,285","32,700","0,000","7,800","43,000","502,000","288,300","0,000","46.673,551"
25/09/2024,"37.017,588","0,000","817,064","3.134,424","0,000","0,000","6.382,608","0,000","0,000","30.618,357","1.039,789","2.845,315","0,000","7.253,311","624,078","2,000","0,000","0,000","182,000","870,351","713,400","0,000","54.482,697"
26/09/2024,"33.261,314","0,000","745,801","2.364,793","0,000","0,000","4.121,176","0,000","0,000","38.920,503","540,445","1.192,826","0,000","4.036,337","4.550,613","1,600","0,000","0,000","36,000","991,000","163,500","0,000","57.664,594"
27/09/2024,"38.718,111","0,000","2.738,516","2.220,827","0,000","0,000","5.015,941","0,000","0,000","35.806,467","772,469","1.872,350","0,000","6.539,470","1.546,553","0,100","0,000","0,000","6,000","837,000","0,000","0,000","57.355,693"
28/09/2024,"31.065,331","0,000","1.939,247","1.786,693","0,000","0,000","7.064,085","0,000","0,000","32.287,629","962,475","1.610,803","0,000","3.280,413","439,762","0,000","0,000","0,000","128,000","516,610","17,300","0,000","50.033,017"
29/09/2024,"23.567,232","0,000","644,708","2.643,166","0,000","0,000","4.509,706","0,000","0,000","14.708,580","472,196","1.159,480","0,000","3.672,096","193,412","1,000","82,700","9,100","22,000","384,000","27,700","0,000","28.529,844"
30/09/2024,"36.932,493","0,000","1.913,150","4.014,802","0,000","0,000","8.645,670","0,000","0,000","19.327,632","667,668","1.971,978","0,000","3.960,782","135,829","0,000","0,000","0,000","0,000","366,213","44,800","0,000","41.048,524"
01/10/2024,"37.817,245","0,000","588,002","2.429,735","0,000","0,000","7.731,513","0,000","0,000","20.588,897","489,392","1.751,549","0,000","4.746,086","731,876","39,700","0,000","0,000","42,000","789,124","0,000","0,000","39.927,874"
02/10/2024,"34.637,565","0,000","632,665","3.016,957","0,000","0,000","4.888,330","0,000","0,000","21.694,497","535,232","2.281,918","0,000","4.744,695","308,283","13,600","0,000","6,300","21,000","216,905","212,800","0,000","38.573,182"
03/10/2024,"43.011,457","0,000","1.056,818","2.141,906","0,000","0,000","14.377,700","0,000","0,000","15.919,283","257,897","2.117,868","0,000","5.032,127","3.639,256","5,300","352,200","0,000","21,000","831,749","97,100","0,000","45.850,204"
04/10/2024,"42.305,463","0,000","1.458,698","2.765,604","0,000","0,000","4.368,343","0,000","0,000","22.725,961","544,003","1.386,769","0,000","7.138,485","818,035","0,900","0,000","2,600","10,000","759,599","129,400","0,000","42.108,397"
05/10/2024,"35.066,419","0,000","883,512","2.945,649","0,000","0,000","5.914,672","0,000","0,000","18.998,632","916,008","3.209,343","0,000","6.835,301","974,037","0,000","0,000","0,000","78,000","248,000","50,500","0,000","41.053,654"
06/10/2024,"32.397,394","0,000","960,854","3.195,839","0,000","0,000","5.961,330","0,000","0,000","17.572,688","505,095","1.812,027","0,000","5.336,469","566,280","3,400","0,000","0,000","174,000","315,887","131,400","0,000","36.535,269"
07/10/2024,"41.378,779","0,000","1.542,007","3.085,514","0,000","0,000","4.727,034","0,000","0,000","17.285,427","721,779","5.018,273","0,000","6.890,898","1.279,702","40,900","0,000","0,000","234,000","1.003,889","112,800","0,000","41.942,223"
08/10/2024,"44.251,731","0,000","587,192","2.833,918","0,000","0,000","5.606,081","0,000","0,000","21.819,986","532,698","7.105,242","0,000","10.288,228","2.715,109","25,300","0,000","0,000","0,000","317,823","109,000","0,000","51.940,577"
09/10/2024,"41.657,108","0,000","776,362","3.038,393","0,000","0,000","6.343,751","0,000","0,000","21.668,807","645,629","4.411,647","0,000","5.909,547","1.052,618","16,100","0,000","0,000","0,000","754,908","210,000","0,000","44.827,762"
10/10/2024,"51.838,868","0,000","911,232","3.541,435","0,000","0,000","6.841,395","0,000","0,000","32.487,409","779,895","2.228,439","0,000","5.078,483","3.108,552","0,700","0,000","0,000","3,000","1.068,000","201,200","0,000","56.249,740"
11/10/2024,"48.374,609","0,000","576,338","4.677,294","0,000","0,000","9.345,423","0,000","0,000","24.309,588","1.264,659","3.977,292","0,000","6.300,474","709,847","693,900","92,900","79,300","81,279","727,277","308,100","0,000","53.143,671"
12/10/2024,"38.986,214","0,000","783,633","2.644,196","0,000","0,000","7.488,287","0,000","0,000","12.893,512","2.016,409","2.471,332","0,000","4.588,302","1.848,052","396,200","369,600","421,200","173,260","388,381","70,600","0,000","36.552,964"
13/10/2024,"28.315,862","0,000","481,114","2.708,693","0,000","0,000","4.184,401","0,000","0,000","7.352,726","777,880","5.108,253","0,000","4.141,785","1.029,620","10,600","229,300","15,600","41,000","639,741","0,000","0,000","26.720,713"
14/10/2024,"45.258,989","0,000","667,762","3.129,558","0,000","0,000","4.630,305","0,000","0,000","21.930,713","515,757","5.975,653","0,000","7.460,628","1.767,931","23,200","352,200","29,800","57,854","730,000","136,600","0,000","47.407,961"
15/10/2024,"54.129,982","0,000","591,738","4.464,574","0,000","0,000","6.336,667","0,000","0,000","32.713,396","613,056","3.903,479","0,000","8.770,048","1.414,607","19,100","0,000","0,000","0,000","1.003,750","186,600","0,000","60.017,015"
16/10/2024,"40.854,303","0,000","614,486","3.168,591","0,000","0,000","5.064,129","0,000","0,000","15.837,261","1.477,241","3.037,224","0,000","5.870,189","2.358,057","45,100","0,000","0,000","42,000","1.150,460","201,300","0,000","38.866,038"
17/10/2024,"0,000","0,000","0,000","0,000","0,000","0,000","0,000","0,000","0,000","0,000","0,000","0,000","0,000","0,000","0,000","0,000","0,000","0,000","0,000","0,000","0,000","0,000","0,000"
18/10/2024,"46.688,613","0,000","569,460","5.238,534","0,000","0,000","10.775,004","0,000","0,000","21.325,712","430,851","2.924,214","0,000","7.933,389","2.335,025","2,400","94,500","0,000","254,000","929,431","0,000","0,000","52.812,520"
19/10/2024,"35.227,549","0,000","873,117","3.305,030","0,000","0,000","4.685,767","0,000","0,000","14.686,926","320,230","4.208,057","0,000","7.390,626","1.697,037","40,500","0,000","0,000","143,000","2.623,843","93,400","0,000","40.067,533"
20/10/2024,"34.118,203","0,000","1.211,397","4.001,794","0,000","0,000","3.918,562","0,000","0,000","12.229,281","609,487","2.801,064","0,000","9.712,225","459,909","43,400","102,200","4,300","165,356","976,432","0,000","0,000","36.235,407"
21/10/2024,"48.717,339","0,000","1.283,890","5.558,494","0,000","0,000","5.854,135","0,000","0,000","34.779,376","1.286,284","3.734,192","0,000","5.107,626","1.159,781","5,800","0,000","0,000","205,000","1.719,489","438,600","0,000","61.132,667"
22/10/2024,"42.016,517","0,000","813,313","2.620,782","0,000","0,000","6.415,242","0,000","0,000","15.575,984","585,364","6.431,139","0,000","9.039,356","1.294,228","13,400","0,000","16,500","131,000","892,570","0,000","0,000","43.828,878"
23/10/2024,"43.251,833","0,000","1.142,437","3.101,579","0,000","0,000","9.192,764","0,000","0,000","19.217,817","1.078,341","3.498,527","0,000","5.852,266","2.273,249","41,500","0,000","0,000","0,000","1.412,967","84,800","0,000","46.896,247"
24/10/2024,"45.788,369","0,000","723,789","3.040,375","0,000","0,000","8.294,942","0,000","0,000","24.766,046","1.061,626","2.298,494","0,000","5.234,562","3.306,497","22,100","0,000","113,500","0,000","1.088,000","0,000","0,000","49.949,931"
25/10/2024,"39.160,511","0,000","1.120,211","3.158,149","0,000","0,000","6.465,422","0,000","0,000","22.051,186","674,654","2.947,626","0,000","6.823,598","1.778,615","34,000","0,000","57,600","275,000","1.130,573","191,500","0,000","46.708,134"
26/10/2024,"38.133,527","0,000","917,007","2.853,753","0,000","0,000","8.278,158","0,000","0,000","18.651,311","812,866","3.958,014","0,000","8.977,470","1.529,085","37,100","0,000","34,700","47,969","1.151,316","0,000","0,000","47.248,749"
27/10/2024,"25.895,200","0,000","729,455","2.706,918","0,000","0,000","2.606,179","0,000","0,000","8.309,434","534,406","3.450,905","0,000","10.632,726","1.808,681","1,200","116,700","0,000","0,000","997,489","18,200","0,000","31.912,293"
28/10/2024,"42.983,962","0,000","486,487","2.614,057","0,000","0,000","5.493,760","0,000","0,000","29.771,861","641,158","2.550,917","0,000","9.352,950","1.300,000","0,000","0,000","0,000","39,000","1.310,160","0,000","0,000","53.560,350"
29/10/2024,"44.446,041","0,000","663,747","2.937,875","0,000","0,000","3.900,083","0,000","0,000","30.914,193","683,518","1.908,002","0,000","5.807,396","1.712,168","763,200","113,600","125,800","205,000","1.000,427","21,400","0,000","50.756,409"
30/10/2024,"0,000","0,000","0,000","0,000","0,000","0,000","0,000","0,000","0,000","0,000","0,000","0,000","0,000","0,000","0,000","0,000","0,000","0,000","0,000","0,000","0,000","0,000","0,000"
31/10/2024,"47.348,390","0,000","962,089","3.701,512","0,000","0,000","9.842,505","0,000","0,000","21.216,441","1.807,057","3.451,777","0,000","9.762,016","1.073,000","19,400","0,000","0,000","122,519","1.233,218","0,000","0,000","53.191,534"
01/11/2024,"44.351,276","0,000","1.598,874","4.296,973","0,000","0,000","4.497,631","0,000","0,000","19.393,940","401,729","3.977,251","0,000","7.632,143","1.387,786","21,400","259,300","0,000","31,000","1.690,000","23,100","0,000","45.211,127"
02/11/2024,"41.130,071","0,000","2.151,571","9.105,239","0,000","0,000","4.532,918","0,000","0,000","14.075,237","416,638","3.148,574","0,000","6.857,786","1.538,369","835,300","189,400","0,000","107,377","842,000","0,000","0,000","43.800,409"
03/11/2024,"26.555,781","0,000","356,447","2.962,519","0,000","0,000","2.733,056","0,000","0,000","8.880,624","94,444","4.408,160","0,000","5.278,095","4.497,266","306,500","0,000","1,700","20,143","827,000","5,900","0,000","30.371,854"
04/11/2024,"37.632,797","0,000","748,893","3.347,267","0,000","0,000","4.746,331","0,000","0,000","15.356,011","856,672","4.425,359","0,000","5.606,835","1.408,000","1.187,800","364,200","704,300","125,000","641,000","186,300","0,000","39.703,968"
05/11/2024,"42.916,960","0,000","658,044","3.387,456","0,000","0,000","6.599,093","0,000","0,000","17.346,826","841,260","2.711,362","0,000","9.447,216","2.446,604","5,500","2.258,300","0,000","113,000","1.130,000","504,700","0,000","47.449,361"
06/11/2024,"38.774,848","0,000","762,786","3.166,095","0,000","0,000","4.560,414","0,000","0,000","17.762,877","494,607","2.324,179","0,000","6.058,781","2.820,057","177,700","1.581,200","48,100","92,000","853,051","201,700","0,000","40.903,547"
07/11/2024,"41.443,960","0,000","1.078,875","4.190,674","0,000","0,000","5.661,586","0,000","0,000","19.778,952","691,819","2.944,137","0,000","6.309,646","1.969,196","0,000","0,000","0,000","16,000","924,510","321,100","0,000","43.886,495"
08/11/2024,"48.612,917","0,000","2.125,875","3.756,286","0,000","0,000","7.757,640","0,000","0,000","23.498,553","500,779","2.150,345","0,000","6.180,829","2.680,104","1.352,600","0,000","952,500","0,000","1.291,283","0,000","0,000","52.246,794"
09/11/2024,"36.464,673","0,000","427,458","3.719,558","0,000","0,000","4.671,989","0,000","0,000","18.336,577","535,597","1.946,536","0,000","5.459,902","4.862,000","1.483,500","740,300","25,000","33,000","983,920","0,000","0,000","43.225,337"
10/11/2024,"29.954,158","0,000","931,353","2.842,895","0,000","0,000","2.871,185","0,000","0,000","19.842,706","297,342","1.543,717","0,000","2.964,513","2.153,149","548,000","294,200","317,200","227,000","929,000","119,100","0,000","35.881,360"
11/11/2024,"37.402,786","0,000","641,678","2.720,339","0,000","0,000","6.974,308","0,000","0,000","18.866,478","413,475","2.308,148","0,000","4.821,208","2.023,236","29,000","0,000","0,000","1.140,000","1.110,855","95,500","0,000","41.144,225"
12/11/2024,"44.011,378","0,000","1.976,307","3.572,594","0,000","0,000","7.478,290","0,000","0,000","21.348,102","533,462","2.726,297","0,000","4.260,474","3.912,167","1,100","0,000","0,000","189,286","542,440","111,000","0,000","46.651,519"
13/11/2024,"34.484,392","0,000","534,913","2.856,132","0,000","0,000","4.321,750","0,000","0,000","16.128,703","466,521","3.308,872","0,000","5.155,523","2.252,099","147,900","279,900","449,500","0,000","770,898","0,000","0,000","36.672,711"
14/11/2024,"38.477,260","0,000","1.145,313","3.090,764","0,000","0,000","7.389,582","0,000","0,000","15.724,366","501,320","1.978,986","0,000","5.751,821","4.609,000","44,100","59,300","262,000","30,000","362,000","39,100","0,000","40.987,652"
15/11/2024,"37.465,339","0,000","600,377","2.700,533","0,000","0,000","5.108,062","0,000","0,000","18.003,940","358,112","2.025,133","0,000","6.018,892","5.587,216","2,600","261,200","519,700","0,000","425,000","123,800","0,000","41.734,565"
16/11/2024,"37.487,777","0,000","1.006,085","2.059,218","0,000","0,000","4.968,533","0,000","0,000","19.333,963","760,904","4.632,079","0,000","3.890,639","3.642,746","51,200","0,000","166,100","0,000","2.567,423","220,200","0,000","43.299,090"
17/11/2024,"29.809,893","0,000","482,220","1.875,356","0,000","0,000","3.099,354","0,000","0,000","17.274,462","204,091","1.174,560","0,000","5.965,010","2.827,239","96,800","0,000","0,000","0,000","762,156","0,000","0,000","33.761,248"
18/11/2024,"31.040,331","0,000","704,576","2.397,435","0,000","0,000","6.494,272","0,000","0,000","13.070,872","557,308","1.706,718","0,000","4.103,979","2.535,099","35,700","270,500","417,800","0,000","173,319","32,600","0,000","32.500,178"
19/11/2024,"34.812,112","0,000","770,158","2.997,194","0,000","0,000","4.230,478","0,000","0,000","19.244,321","511,912","1.716,254","0,000","3.787,515","2.015,000","0,000","0,000","104,100","75,000","594,106","35,700","0,000","36.081,738"
20/11/2024,"31.620,781","0,000","1.168,752","2.535,427","0,000","0,000","4.777,718","0,000","0,000","21.932,623","360,277","963,102","0,000","4.208,245","1.070,000","92,300","0,000","0,000","79,438","444,000","0,000","0,000","37.631,882"
21/11/2024,"37.789,791","0,000","1.452,366","1.987,502","0,000","0,000","3.497,446","0,000","0,000","17.613,774","414,541","2.031,931","0,000","6.866,380","2.593,101","0,000","1.144,100","826,300","162,000","929,354","0,000","0,000","39.518,795"
22/11/2024,"42.735,814","0,000","1.539,178","3.786,774","0,000","0,000","8.187,075","0,000","0,000","19.038,001","3.111,172","1.586,657","0,000","5.592,277","2.561,435","35,600","0,000","29,500","0,000","264,018","0,000","0,000","45.731,687"
23/11/2024,"36.092,341","0,000","730,100","1.811,689","0,000","0,000","4.076,738","0,000","0,000","23.815,411","2.993,951","1.818,837","0,000","4.284,609","5.150,897","6,500","0,000","0,000","5,000","1.086,000","51,400","0,000","45.831,132"
24/11/2024,"28.242,959","0,000","416,340","1.951,000","0,000","0,000","4.213,872","0,000","0,000","12.511,881","446,341","1.830,172","0,000","5.183,019","4.934,456","4,200","0,000","0,000","13,000","1.559,237","127,300","0,000","33.190,818"
25/11/2024,"33.243,482","0,000","586,181","2.766,866","0,000","0,000","6.779,301","0,000","0,000","13.704,664","777,850","3.570,518","0,000","4.970,480","2.316,677","99,600","0,000","0,000","10,000","1.041,250","28,800","0,000","36.652,187"
26/11/2024,"36.117,337","0,000","741,576","2.906,116","0,000","0,000","6.536,991","0,000","0,000","19.011,818","286,549","2.993,334","0,000","4.618,423","1.203,668","15,900","0,000","59,300","45,000","817,261","26,000","0,000","39.261,936"
27/11/2024,"38.561,642","0,000","560,663","3.412,023","0,000","0,000","5.990,221","0,000","0,000","17.424,474","377,360","2.963,819","0,000","5.973,321","723,000","79,900","0,000","0,000","48,000","557,846","90,300","0,000","38.200,927"
28/11/2024,"35.822,895","0,000","629,225","2.937,040","0,000","0,000","6.052,759","0,000","0,000","15.518,066","1.438,231","4.286,139","0,000","5.451,241","1.030,703","23,400","0,000","0,000","5,000","128,000","161,800","0,000","37.661,604"
29/11/2024,"42.618,719","0,000","782,165","3.006,060","0,000","0,000","5.586,031","0,000","0,000","17.923,655","636,030","4.533,530","0,000","9.369,335","4.719,282","141,300","0,000","175,100","10,000","238,000","192,500","0,000","47.312,988"
30/11/2024,"29.293,453","0,000","499,268","5.680,888","0,000","0,000","3.459,644","0,000","0,000","17.743,672","115,886","1.025,086","0,000","3.568,685","1.909,930","0,000","0,000","0,000","0,000","1.768,000","0,000","0,000","35.771,059"
01/12/2024,"23.982,179","0,000","838,885","2.188,071","0,000","0,000","3.128,698","0,000","0,000","12.902,696","88,000","1.740,045","0,000","2.931,643","922,518","7,200","0,000","0,000","0,000","1.414,930","39,000","0,000","26.201,686"
02/12/2024,"35.112,125","0,000","350,663","2.369,403","0,000","0,000","5.691,253","0,000","0,000","17.329,309","346,549","5.208,188","0,000","4.512,418","1.002,456","18,800","0,000","0,000","0,000","817,059","197,700","0,000","37.843,798"
03/12/2024,"36.625,294","0,000","491,862","3.646,705","0,000","0,000","4.990,395","0,000","0,000","18.836,295","1.237,561","2.976,653","0,000","4.916,051","942,940","21,400","14,300","0,000","940,000","855,150","123,800","0,000","39.993,112"
04/12/2024,"36.633,216","0,000","425,342","3.550,567","0,000","0,000","4.241,619","0,000","0,000","16.174,775","1.607,371","4.286,652","0,000","4.630,266","3.659,201","19,000","161,000","0,000","187,000","239,000","0,000","0,000","39.181,793"
05/12/2024,"36.386,203","0,000","1.409,194","2.570,748","0,000","0,000","4.991,597","0,000","0,000","15.808,734","678,024","2.889,322","0,000","6.303,315","1.958,290","179,000","0,000","0,000","130,000","520,000","112,800","0,000","37.551,024"
06/12/2024,"38.788,045","0,000","522,673","2.876,192","0,000","0,000","4.874,770","0,000","0,000","19.484,232","1.444,035","2.907,866","0,000","5.537,743","4.410,746","14,100","0,000","0,000","0,000","768,300","171,900","0,000","43.012,557"
07/12/2024,"38.757,937","0,000","618,919","2.420,138","0,000","0,000","4.718,500","0,000","0,000","18.284,250","579,224","1.564,682","0,000","7.296,898","2.796,338","4,900","0,000","0,000","233,000","1.832,374","645,400","0,000","40.994,623"
08/12/2024,"32.305,987","0,000","600,845","1.618,439","0,000","0,000","5.728,444","0,000","0,000","18.570,938","233,179","3.364,759","0,000","5.159,938","2.020,739","3,400","0,000","1,900","30,000","2.558,000","0,000","0,000","39.890,581"
09/12/2024,"40.992,100","0,000","1.579,830","3.387,947","0,000","0,000","5.196,457","0,000","0,000","18.661,850","354,806","2.062,566","0,000","8.850,272","3.347,208","10,200","0,000","7,400","53,000","1.075,090","54,200","0,000","44.640,826"
10/12/2024,"0,000","0,000","0,000","0,000","0,000","0,000","0,000","0,000","0,000","0,000","0,000","0,000","0,000","0,000","0,000","0,000","0,000","0,000","0,000","0,000","0,000","0,000","0,000"
11/12/2024,"41.221,137","0,000","746,590","4.281,120","0,000","0,000","5.468,582","0,000","0,000","16.438,291","2.170,214","2.815,464","0,000","5.581,265","522,806","0,000","45,400","21,600","1.351,421","882,080","210,200","0,000","40.535,033"
12/12/2024,"40.141,794","0,000","584,698","3.215,496","0,000","0,000","4.851,766","0,000","0,000","13.472,376","1.843,162","4.826,655","0,000","5.147,464","411,849","0,000","6.175,700","0,600","250,015","833,000","11,300","0,000","41.624,081"
13/12/2024,"39.574,129","0,000","646,588","4.268,359","0,000","0,000","4.715,110","0,000","0,000","17.876,438","830,222","3.303,739","0,000","5.158,125","1.169,966","0,000","0,000","0,000","0,000","894,425","0,000","0,000","38.862,972"
14/12/2024,"39.184,794","0,000","631,486","2.104,228","0,000","0,000","3.267,776","0,000","0,000","22.837,663","247,213","9.190,291","0,000","9.188,191","1.678,322","0,000","5,300","0,000","0,000","494,234","0,000","0,000","49.644,704"
15/12/2024,"34.191,485","0,000","757,144","1.892,179","0,000","0,000","3.896,571","0,000","0,000","15.269,744","317,464","5.430,527","0,000","6.852,882","1.100,331","5,500","0,000","78,000","0,000","1.651,078","522,200","0,000","37.773,620"
16/12/2024,"38.330,593","0,000","449,174","2.635,495","0,000","0,000","5.632,819","0,000","0,000","19.839,303","510,429","2.352,978","0,000","5.564,296","2.597,567","8,700","0,000","0,000","151,000","1.348,829","300,800","0,000","41.391,390"
17/12/2024,"43.159,503","0,000","374,344","2.298,470","0,000","0,000","5.485,362","0,000","0,000","30.671,647","198,061","3.137,761","0,000","3.555,207","767,943","9,100","0,000","0,000","10,000","1.165,225","45,200","0,000","47.718,320"
18/12/2024,"36.608,070","0,000","747,991","2.285,742","0,000","0,000","4.721,462","0,000","0,000","17.208,903","341,942","3.285,889","0,000","8.527,952","1.937,816","0,200","0,000","0,000","99,000","1.001,239","5,100","0,000","40.163,236"
19/12/2024,"42.814,480","0,000","505,779","2.784,107","0,000","0,000","11.044,339","0,000","0,000","20.584,344","292,362","4.788,764","0,000","8.515,300","887,873","116,600","0,000","0,000","13,000","700,030","52,800","0,000","50.285,298"
20/12/2024,"43.625,131","0,000","349,414","3.989,809","0,000","0,000","7.446,233","0,000","0,000","20.014,175","718,316","6.949,938","0,000","4.121,290","3.190,080","6,400","0,000","0,000","617,429","1.989,087","59,200","0,000","49.451,371"
21/12/2024,"35.193,310","0,000","1.360,669","3.410,187","0,000","0,000","3.763,894","0,000","0,000","16.856,018","1.890,293","1.423,743","0,000","3.616,624","1.290,862","6,700","0,000","0,000","344,000","2.428,000","316,400","0,000","36.707,390"
22/12/2024,"23.924,217","0,000","548,417","3.736,563","0,000","0,000","3.414,586","0,000","0,000","11.297,415","214,878","2.522,469","0,000","3.584,803","1.097,436","16,200","0,000","0,000","256,499","1.924,570","62,100","0,000","28.675,936"
23/12/2024,"37.224,708","0,000","481,623","4.776,244","0,000","0,000","4.227,906","0,000","0,000","23.719,176","1.182,735","2.910,992","0,000","6.283,706","1.128,849","20,000","83,100","0,000","61,000","680,110","0,000","0,000","45.555,441"
24/12/2024,"42.266,604","0,000","620,289","3.484,698","0,000","0,000","6.431,786","0,000","0,000","22.244,771","769,574","4.208,070","0,000","5.440,916","775,455","1.806,200","2.804,400","280,200","185,000","750,901","654,300","0,000","50.456,560"
25/12/2024,"26.655,175","0,000","315,469","1.924,850","0,000","0,000","4.554,823","0,000","0,000","10.200,284","474,597","4.499,511","0,000","3.622,503","463,175","1.402,800","0,000","221,200","284,000","768,000","128,900","0,000","28.860,112"
26/12/2024,"33.307,610","0,000","332,198","2.887,815","0,000","0,000","6.103,068","0,000","0,000","12.662,183","233,995","4.988,700","0,000","3.422,577","2.412,711","79,700","113,800","112,400","139,000","1.872,000","0,000","0,000","35.360,147"
27/12/2024,"29.914,393","0,000","375,957","2.845,864","0,000","0,000","3.649,667","0,000","0,000","16.072,309","303,449","3.460,237","0,000","4.884,770","858,377","220,800","0,000","347,400","132,000","589,085","9,700","0,000","33.749,615"
28/12/2024,"30.413,983","0,000","1.031,367","1.599,911","0,000","0,000","4.992,215","0,000","0,000","15.078,709","335,206","4.066,691","0,000","3.778,956","949,920","1.212,500","9,100","156,800","134,000","1.349,164","99,100","0,000","34.793,639"
29/12/2024,"27.856,030","0,000","786,740","1.732,594","0,000","0,000","4.981,514","0,000","0,000","12.325,926","430,145","1.608,168","0,000","4.496,406","958,804","52,900","659,300","0,000","264,000","1.471,302","315,300","0,000","30.083,099"
30/12/2024,"41.738,365","0,000","872,856","2.898,398","0,000","0,000","7.092,364","0,000","0,000","18.739,742","937,156","2.292,987","0,000","6.037,790","2.478,943","7,100","199,700","0,300","269,000","1.121,282","859,700","0,000","43.807,318"
31/12/2024,"35.436,170","0,000","1.062,853","1.712,556","0,000","0,000","6.600,090","0,000","0,000","21.324,987","464,431","1.598,407","0,000","7.016,406","1.201,000","4,100","4,100","34,100","90,000","1.216,000","850,700","0,000","43.179,730"
